first_name,last_name,address,date_of_birth
Danielle,Ross,"38881 Bennett Mission, Nicholsshire, MD 09331",2005-08-12
Jose,Meadows,"11040 Ramos Plain Apt. 639, Lunastad, OK 54916",1951-04-10
Kara,Dickson,"6184 Henson Prairie Suite 998, South Isabellaburgh, UT 67136",1980-06-15
Connie,Rodriguez,"380 Kenneth Summit Suite 836, Kingberg, NM 30675",1938-08-24
Julie,Johnson,"4402 Meyer Camp, West Marvinmouth, PA 88426",1997-09-16
David,Smith,"6363 Mercer Fork Suite 546, Lake Royhaven, WY 14123",2000-08-12
Robert,Glass,"9500 Chase Parkway Apt. 935, North John, ME 28695",1973-03-24
Brian,Hill,"6597 Andre Station, Port Larryburgh, MS 07486",1938-04-26
William,Bradley,"41867 Terry Mill Apt. 724, Lake Hannahton, WV 40649",2000-03-29
Susan,Greene,"840 Stacey Mall, Port Tracystad, VI 80102",1975-01-29
Dylan,Lewis,"7678 Christopher Terrace Apt. 785, Danielmouth, AZ 37457",1945-04-29
Rebecca,Smith,"PSC 6451, Box 1223, APO AP 80368",1995-11-21
Holly,Wiley,"Unit 5260 Box 7294, DPO AA 69819",1989-12-08
Amber,Moon,"41927 Rose Junction, Port Omar, UT 08573",1972-02-05
Chad,Johnson,"4547 Michael Port, Marissaport, PA 45274",1935-08-25
Lindsay,Glover,"01899 Russell Camp Suite 487, Toddshire, GA 17896",1994-09-11
Michael,Mora,"02040 Joshua Brooks, New Kathy, LA 74244",1965-05-05
Adrian,Gomez,"4722 Richard Key Apt. 536, North Jesse, GA 25319",1979-03-27
Judith,Moody,"0326 Adrian Island, North Amy, MP 06350",1980-05-31
Brittany,Brown,"1816 Robertson Meadows Apt. 908, South James, TX 88186",1984-02-01
Elizabeth,Hunt,"56491 Gerald Heights, Jamestown, IN 00871",2004-08-04
Rose,Vincent,"867 Delgado Forest Suite 613, New Curtisview, NH 67507",1973-12-07
Jennifer,Gonzalez,"411 Jared Track, Port Heatherville, NV 35295",1941-10-19
Richard,Key,"4963 Edwin Prairie, Port Phillipchester, TX 72758",1965-12-19
Joseph,Davis,"5873 Carmen Brook Suite 402, Port Michaelborough, CA 07826",2001-06-04
Crystal,Hess,"84070 Vanessa Flats, Lindaland, MH 12605",1955-12-26
Joseph,Oliver,"1014 Miller Stream, West Timothyburgh, RI 84475",1985-02-27
Jenna,Lowery,"01234 Nelson Well, North Hannahland, WI 34236",2002-07-07
Richard,Willis,"11029 John Mount Apt. 635, Karinatown, IL 29695",1968-03-18
Gary,Franklin,"USNV Obrien, FPO AE 10863",1952-08-21
Nicole,Salazar,"76573 Bryan Circles Suite 133, Peterfort, PW 84142",1974-12-28
Daniel,Freeman,"086 Kim Mount Apt. 331, Danielberg, RI 11407",1972-11-25
Gabriella,Ayers,"815 Monroe Circle, West Shawntown, MS 53581",1962-06-26
Lynn,Moore,"53530 Cole Ramp Apt. 196, South Joshuabury, OH 65225",1964-02-14
Michael,Hopkins,"1850 Young Terrace, Lake Charles, NV 76935",1975-03-10
Michael,Elliott,"Unit 4578 Box 6051, DPO AA 96855",1970-12-07
Luis,Lawson,"19731 Koch Street, Susanside, MA 39554",1941-05-20
Jonathan,Long,"491 Clark Harbor, North Victor, WY 43064",1978-12-13
Johnathan,Fletcher,"USNV Hernandez, FPO AP 79722",1981-04-13
Joseph,Allen,"24129 Steven Lakes Apt. 837, New Joseph, LA 25611",1971-03-29
Dawn,Carter,"9333 Erika Centers, Deborahland, IL 12194",1994-11-04
Alexander,Mendoza,"35712 Lori Way, Brownberg, WI 88285",1953-04-25
Jorge,Leach,"416 Scott Alley Suite 248, West Zoeport, DE 51796",1962-10-12
Nicole,Crosby,"523 Hansen Path, West Amber, DE 11842",1948-01-26
Levi,Rodriguez,"Unit 4503 Box 6220, DPO AE 05083",1962-01-27
Valerie,Singleton,"PSC 8545, Box 3647, APO AE 85987",1959-12-24
Ethan,Hogan,"60411 Veronica Roads, East Emily, CT 41800",1994-03-16
Joshua,Roberts,"7079 Tran Corner, East Joseph, TN 42363",1960-09-17
Michael,Oliver,"740 Bush Radial, South Kevin, NJ 71048",1966-12-24
Alexis,Paul,"7749 Steven Drives, Port Staceyton, FL 07517",1972-08-10
Elizabeth,Neal,"7873 Cooper Locks Apt. 665, New Sandra, NM 40658",1948-10-31
Colleen,Schneider,"2379 Susan Flats, Weaverhaven, MN 40044",1977-10-04
Mary,Gibbs,"19126 Schwartz Highway Apt. 589, Lake Paul, AS 08491",1963-10-18
Jessica,Collins,"710 Paul Square Suite 424, Joseside, WI 36241",1964-02-28
George,Jones,"144 Robinson Radial Apt. 336, Keithton, GU 55898",1960-06-26
Karen,Turner,"4543 Leah Mountain, Karenville, MS 71720",1965-12-18
Brandon,Brown,"512 Young Cliff Suite 414, East Jonathanbury, CT 83494",1948-12-05
Jeffrey,Watson,"4957 Kevin Neck Apt. 900, Zacharychester, GU 08619",2002-04-24
Phyllis,Jordan,"0565 Gallagher Causeway Suite 744, New Karenview, MA 92310",1977-11-25
Ryan,Cook,"04502 Thomas Turnpike Apt. 245, Roweburgh, UT 76716",1948-03-15
William,Johnson,"33922 Kelly Trace, Nicoletown, NH 22258",1957-06-17
Sandra,Gill,"127 Bradley Inlet Suite 502, Carlbury, WV 70525",1948-09-11
Brandon,Ford,"04087 Anthony Plains Suite 834, West Andrewshire, DE 30877",1956-10-08
David,Jackson,"333 Michael Brook, South Michael, VT 48679",1944-02-08
Bruce,Hunter,"Unit 2410 Box 1932, DPO AP 24809",1945-08-07
Joshua,Lee,"36651 Victoria Bridge, Port Christopherbury, IL 12457",1969-09-02
Krista,Perez,"3846 Watkins Forges Apt. 395, East John, OK 04566",1997-09-03
Erica,Powell,"1840 Mendoza Wells Apt. 534, Port Eugene, ND 87916",1934-01-16
Troy,Huff,"994 Fischer Pike, New Rebecca, FL 59290",1952-02-06
Jamie,Harmon,"USNS Lawson, FPO AE 89129",1977-02-14
Kristy,Carroll,"889 Sullivan Locks Suite 132, East Jessicaville, MP 32524",1958-07-31
John,Smith,"USNV Craig, FPO AA 74978",1991-01-14
Stephen,Roberts,"7808 Glover Village, Krystalfurt, AL 39046",1975-04-30
Michael,Long,"685 Daniel Ports Suite 508, North Christopher, PR 40771",1943-12-28
Madison,Jones,"02294 Mario Manor, Davishaven, VT 28038",1943-05-01
Cynthia,Smith,"5243 Carol Loop, Jimenezfurt, IN 33098",1983-03-01
Benjamin,Wright,"2547 Long Garden Apt. 342, Kimtown, GA 70984",1994-08-15
Janice,Hodge,"0550 Abbott Rest Suite 605, Travismouth, KS 31506",1986-07-04
Steven,Parks,"29497 Mary Court Suite 313, Pattonhaven, ID 80415",1971-08-24
Lisa,Spencer,"151 Tracy Village, Johnfurt, GU 89465",1947-03-14
Gregory,Boyd,"215 Smith Lake, Berryfurt, NE 18500",1997-11-30
Laura,Anderson,"4732 Michael Extension, Kevinmouth, VT 38948",1938-12-25
Sarah,Robertson,"4586 Jimmy Corners, Reedhaven, AR 65396",1950-03-14
Emma,Walton,"0530 Taylor Corner, Kimberlyborough, DE 33387",1952-10-21
Phillip,Carter,"5634 Michael Walk, West Brandonchester, UT 63138",1973-09-02
Douglas,Mccann,"USNV Welch, FPO AA 31504",1986-09-12
Joseph,Cherry,"48581 Turner Pass, Daymouth, AS 52382",1972-05-22
Sheila,Scott,"445 Timothy Lodge Apt. 660, West Kathleen, CA 89369",1973-09-10
Christopher,Gordon,"PSC 8155, Box 7982, APO AE 19513",1996-01-02
Wendy,Dougherty,"USNS Henry, FPO AA 54004",1967-12-24
Andrew,Hill,"62739 Shannon Isle Apt. 308, South Davidmouth, MA 52950",1944-12-06
Ryan,Peterson,"01536 Victoria Parkways, Williamsmouth, NM 03710",1962-03-02
William,Weber,"50242 Wesley Shores, Zacharyport, IN 79820",1949-02-28
Sarah,Price,"09108 Jonathan Prairie Apt. 075, South Juliaton, PA 87729",1949-10-07
Jennifer,Velasquez,"6531 Mccarthy Lock Apt. 633, South Christopher, MD 44542",1961-01-10
Monica,Stevens,"14057 Vazquez Courts Suite 115, East Caseyland, LA 61201",1952-03-05
Katie,Lane,"707 Lynch Crossing Suite 554, Grosshaven, OR 79073",1980-11-24
Mary,Miller,"4301 Rachel Turnpike Suite 819, Melissaside, OK 68326",1987-09-25
Jessica,Todd,"4803 Julie Mount Apt. 537, New Robertland, MI 32586",1937-04-17
Anthony,Jackson,"74412 Booth Plain, Williammouth, FL 35922",1954-04-15
Jenny,Campos,"52517 Thornton Ports, Griffinside, SD 57807",1949-02-13
Jacob,Avery,"Unit 6489 Box 4072, DPO AE 82386",2005-03-07
Jonathan,Hernandez,"5334 Singh Corner Suite 510, Crawfordberg, SC 80537",1969-10-30
Jacob,Jackson,"261 John Wells, Charleshaven, CO 41176",2002-12-04
Stephen,Coffey,"100 Hernandez Cove, South Suzannechester, SD 49132",1983-09-17
Ashley,Snow,"Unit 2445 Box 9763, DPO AA 32775",1975-07-18
Daniel,King,"00208 Debra Pine, New Gabrielshire, MN 76195",1992-08-10
Michael,Blake,"032 Smith Curve, New Lauraland, WI 73703",1964-10-13
Steven,Smith,"252 Mckinney Isle Apt. 058, Michaelfurt, UT 52898",1954-12-04
Shelby,Mcintyre,"9278 Booth Cove Apt. 919, Randyfurt, NH 18122",1987-09-04
Erica,Smith,"591 Michael Wells Suite 332, Sextonberg, NY 52945",1952-12-08
Douglas,Taylor,"11012 Bryan Hollow, Kyleton, AS 58093",1958-01-29
Melissa,Choi,"161 Jeffrey Parkway, West Kelsey, NC 86991",1955-08-06
Timothy,Torres,"232 Yvette Green Apt. 488, West Shawnland, KY 08189",1941-03-17
Robert,Harris,"855 Shane Trail Apt. 606, Stewartchester, ND 63177",1994-03-11
Diane,Williams,"187 Anderson Spur Suite 459, New Taylor, WA 75636",1967-10-18
Maria,Walker,"053 Oneill Harbor, Christyland, WY 02478",1940-07-17
Elizabeth,Kennedy,"30222 Derrick Camp Apt. 603, Deborahside, IL 74878",1990-10-28
Nicholas,Johnson,"Unit 2156 Box 1381, DPO AE 56195",1972-05-31
Steven,Tran,"9560 Martinez Rapid, Jennyburgh, WI 08709",1960-06-15
Patricia,Chen,"732 Larson Avenue, West Jacobland, TN 24199",1994-02-12
John,Taylor,"5829 Gomez Fall, New Lisa, CT 84081",1974-01-31
Kelly,Delgado,"06234 Kristin Groves, Allisonmouth, MN 06419",1978-04-16
Jessica,Wolfe,"814 Catherine Walk, Gonzalezchester, FL 50529",2003-04-07
Barbara,Moran,"638 Cherry Village Apt. 131, Tonimouth, WV 32309",1950-11-30
Carl,Cobb,"6450 Jeremy Drives Suite 296, Chantown, SC 79008",1999-08-31
Margaret,Morgan,"8801 Bowers Gateway Apt. 934, East Carrietown, WA 63703",1935-12-31
Jennifer,Boyle,"769 Wallace Viaduct Suite 618, Ginatown, PW 94120",1996-03-04
Marcus,Scott,"431 Kayla Fields Suite 060, North Breannamouth, ID 08043",1943-05-05
Gregory,Taylor,"42292 Patricia Gateway Suite 135, North Suzanneland, PW 91021",1952-11-20
Rachel,Luna,"778 Mary Run, East Jeremy, ND 70567",1958-08-15
Angela,Perez,"Unit 9647 Box 8950, DPO AP 19859",1983-11-01
Ashley,Huynh,"846 Kathleen Oval Suite 526, East Michael, OR 37999",1943-06-24
Christina,Gonzalez,"802 Walker Village, South Kathrynberg, TX 69031",1964-02-20
Maria,Kaiser,"715 Branch Locks, Toddstad, VI 24171",1971-10-21
Frank,Smith,"7833 Angela Springs, Michaelshire, ND 03806",1969-02-14
Leah,Murray,"47282 Allison Center Suite 874, Caseyside, ME 44898",1959-05-04
Jared,Gentry,"1830 Eugene Rapid, Kristenborough, AK 06731",1963-01-19
Kristin,Ayala,"4353 Maxwell Vista, Port Natalie, NY 51748",1953-02-08
George,Willis,"868 Dominique Camp Apt. 706, Johnsonbury, ID 07401",1942-12-01
Lisa,Kramer,"800 Martinez Harbors, New Michael, MA 64477",2004-08-15
Cynthia,Deleon,"1128 Leslie Valley Suite 695, Port Elizabethmouth, IA 55744",1957-05-23
Teresa,Miller,"145 Lindsay Fields, South Gabrielview, DC 43018",1950-10-06
Robert,Cardenas,"88674 Huff Inlet Apt. 978, Lake Christopher, NJ 21945",1954-07-02
Rebecca,Howell,"522 Cynthia Ports Suite 803, Scottton, AK 48046",1948-03-01
Joseph,Lucas,"197 Rice Shores, Lake Annaside, DE 52875",1953-05-19
Mary,Garcia,"1109 Brooke Tunnel, Port Eddieland, MH 05102",1942-12-27
Douglas,Olson,"81326 Robles Summit, New Autumnmouth, FM 48865",1939-04-07
Margaret,Barnes,"Unit 2698 Box 4328, DPO AE 91507",1969-11-07
David,Kelley,"789 Hill Ford Suite 088, Hinesport, CA 97895",1954-02-01
Kristen,Hughes,"7649 Banks Plains Apt. 788, East Melissa, AR 40622",2003-11-05
Brian,Marshall,"6644 Chandler Pines Apt. 280, Port Allen, NJ 31196",1954-08-24
Christopher,Johnson,"0351 Blair Locks, New Deborah, TX 16017",2000-03-11
Benjamin,Lewis,"79618 David Inlet Suite 324, Smithchester, MH 31047",1984-05-05
Bobby,Cooper,"8433 Keith Circles, Port Janeside, LA 52888",1992-11-15
Sarah,Reid,"PSC 5736, Box 8846, APO AE 40539",1954-08-04
Michael,Smith,"7411 Gabriel Locks Suite 395, Jeffton, VT 45332",1957-09-24
Jeffery,Newman,"443 Miles Knolls, Sarafurt, VI 33186",1949-05-06
Kevin,Lewis,"Unit 6066 Box 5067, DPO AA 85074",1947-09-18
Jessica,Vaughn,"54422 Richardson Ford, East Michael, MO 10229",1990-02-16
Kevin,Lee,"47760 Ashley Manor, North Vanessa, DE 04893",1977-02-17
Allison,Nicholson,"4232 Jefferson Mountain, Mclaughlinland, UT 20242",1993-01-02
Erika,Collins,"511 Reid Throughway Suite 295, East Karen, MI 06033",1957-09-15
Kevin,Farley,"12437 Edwards Roads, East Emilyshire, SC 47302",1942-04-12
Stephanie,Petersen,"392 Murphy Flat Apt. 895, Amandaburgh, AR 14686",1987-01-31
Susan,Rush,"USCGC Fernandez, FPO AP 02770",1972-01-25
Carrie,Gilbert,"32103 George Isle Suite 346, Timothyport, HI 86894",1981-09-29
Robert,Jarvis,"USCGC Stewart, FPO AE 42810",1988-06-26
Daniel,Robinson,"729 Carter Springs, East Kristinborough, NV 06383",2000-05-14
Alexandra,Medina,"74279 Price Path Suite 159, Romeroton, GU 39226",1961-11-23
Laura,Adams,"7674 George Extension, North Jasminestad, RI 62054",1985-01-20
Lucas,Joseph,"180 Villegas Plains Apt. 252, Lake Brianville, WA 46419",1964-04-30
Danielle,Mcconnell,"23463 Ford Plains, South Katieberg, MP 46966",1957-07-12
Rick,Arellano,"309 Scott Forge Apt. 250, Teresaburgh, NJ 24295",1934-09-08
Jessica,Jordan,"59436 Jackson Extension Suite 268, North Jimmymouth, IL 17239",1985-10-10
Anthony,Howard,"87046 Bowman Harbor Suite 360, Joycemouth, VT 33843",1963-09-06
John,Rodriguez,"2825 Chen Ridge Apt. 944, Danielview, SC 59791",1991-07-12
Allison,Ramirez,"93628 Harry Plaza Apt. 459, Lake Patrickfurt, KS 36239",1979-03-03
Joseph,Rodgers,"7953 Smith Crossing, New Melinda, MI 51098",1970-08-04
Michael,Howard,"1278 Barber Drive, Raymondfurt, ND 75869",1994-04-13
Jennifer,Hawkins,"69292 Tanya Mall Apt. 163, New Tinamouth, TN 69662",1937-06-23
Joshua,Robinson,"3555 Karen Valleys, East Melanieport, VI 45354",1950-07-08
Sandra,Oneal,"19046 Ramirez Mill, Port Crystalborough, CT 62249",1978-04-06
Chelsey,Sanders,"4118 Sandra View Apt. 429, Michelleport, UT 47340",2003-04-01
Patricia,Callahan,"873 Brittany Mill, Mcdonaldfort, AZ 05058",1957-06-17
Kim,Barron,"27499 Hernandez Plains, New Gabrielchester, MO 98758",2004-09-08
Andrew,Howard,"PSC 3508, Box 3856, APO AE 89392",1957-02-12
Jillian,Chavez,"4830 Jessica Rue Apt. 228, Johnsonstad, IA 29839",1972-07-21
Brad,Gardner,"855 Kathy Plains Suite 456, East Lisaville, AS 33587",1951-08-20
Rebecca,Cruz,"51224 Rodriguez Junctions, West Travisview, PA 16538",2005-10-27
Michael,Taylor,"USNV Mitchell, FPO AA 15919",1980-03-27
Roger,Williams,"734 Carey Manors Apt. 275, Phillipsmouth, MD 17982",1970-03-27
Donna,Andrews,"35814 Hanson Rue, East Devonhaven, RI 12311",2006-04-18
Nicole,Orr,"6597 Ward Road Apt. 897, Goodmanchester, MO 59872",1937-07-17
David,Robinson,"3142 Thompson Meadow Suite 596, Justinfort, MO 48680",1986-10-21
Aaron,Ewing,"53942 Donna Mountain Apt. 899, Heatherhaven, KS 06874",1986-04-28
Scott,Bennett,"297 Emily Shores, Andersonburgh, NJ 21160",1958-06-07
Joanna,Mclaughlin,"762 Valenzuela Isle, South Eric, OR 44169",2005-01-03
Crystal,Raymond,"887 Vargas Springs Apt. 621, Richardston, RI 97063",1958-10-23
Richard,Ortega,"5083 Serrano Fall Apt. 054, Ericfort, GU 78157",1951-10-23
Sandra,Guerrero,"95907 Vazquez Land Suite 376, Bennettbury, RI 75905",1953-01-24
Charles,Arellano,"3072 Heather Mills Suite 936, Rodriguezton, MI 67685",1953-04-10
Elizabeth,Marquez,"29561 Anna Pass Apt. 785, North Victoriashire, MO 70410",1947-07-11
Katelyn,Schmidt,"456 Rodriguez Turnpike, New Barbara, MT 43157",1967-05-31
Christopher,Gardner,"93605 Danielle Drive, West Justinton, NV 64410",1938-10-06
Amy,Freeman,"88355 Michelle Cape Apt. 725, North Tina, NY 93222",1955-12-14
Jackie,Morris,"5768 Cody Centers, Muellerstad, VA 90556",1962-11-29
Sarah,Peterson,"485 Evans Curve Apt. 289, Knighthaven, CO 25895",2003-09-17
Robert,Johnson,"784 Cathy Creek Apt. 364, Bowmanview, WY 79295",1963-02-01
Kathryn,Williams,"067 Riley Prairie, Ingramchester, WA 13952",1939-08-22
Nichole,Jackson,"34049 Craig Park Apt. 887, North Sarah, RI 38271",1949-04-22
Jeffrey,Vega,"10548 Larry Underpass, North Jonathanchester, CA 06851",1934-04-27
Jeremy,Saunders,"21500 Michael Mews, Staceyfort, LA 30589",1951-02-08
Matthew,Clark,"73347 Valencia Gateway, South Anthonyville, FM 92136",1947-09-08
Gary,Crawford,"3293 Shannon Track, Lake Maureenview, MH 36638",1978-03-08
Ryan,Dunn,"221 Sarah View, Cynthiaton, OK 57076",1945-10-16
Kenneth,Carter,"85589 Jennifer Bypass Apt. 131, Cameronshire, DC 70469",1974-07-24
Steven,Johnson,"78368 Thornton Harbor, Jessicaborough, SC 53229",1952-07-29
Andrea,Parsons,"49020 Michelle Ridges, Walterbury, ND 74995",2000-12-10
Monica,Lucero,"551 Anthony Ranch Suite 291, Port Michelleton, NJ 07348",1980-05-03
Olivia,Rosario,"2400 Scott Cliffs, West Lisa, MD 89758",1986-11-22
Nicole,Carlson,"3702 Christina Pine Apt. 452, Lake James, WV 57736",2002-04-28
David,Russell,"9153 Mccormick Forges, North Ashley, GA 37304",1970-12-25
Lucas,Gross,"59171 James Hills Apt. 179, East John, CO 11080",1961-02-21
Jacob,Gregory,"48074 Sanchez Turnpike Suite 381, Singletonside, MI 55260",1934-08-03
Lori,Nelson,"18477 Simmons Court Apt. 091, West Sarahbury, TN 66300",1965-01-20
Ann,Cook,"002 Taylor Oval Suite 162, Nguyenport, ID 93278",1979-12-25
Kelsey,Davis,"480 Melissa Prairie Apt. 084, North Mary, IN 46159",1968-08-09
Nicole,Wells,"49060 Johnson Trail, South Samuel, NH 71968",1980-05-28
James,Thompson,"Unit 6914 Box 0231, DPO AE 47766",1972-06-10
Jason,Johnson,"2082 Katie Park Suite 949, Parkermouth, MH 80545",1966-12-30
Chris,Cruz,"593 Rodriguez Mountain, West Karlahaven, NM 73857",1947-04-30
Kaitlin,Hayes,"Unit 0120 Box 7663, DPO AE 95620",1955-01-20
Joshua,Jackson,"Unit 6463 Box 5539, DPO AP 04870",1951-02-16
Kelsey,Carey,"20433 Shaun Vista, Port Jeffreyfurt, MD 81567",1984-01-23
Shannon,Ramos,"11051 Martin Spurs, Port Glendaburgh, MA 47342",1955-06-10
Kevin,Smith,"USNV Decker, FPO AE 57243",1941-01-20
Maria,Marshall,"0643 Esparza Passage Apt. 813, New Wanda, OK 44274",1956-04-18
Steven,Phillips,"2973 Moreno Trail Apt. 577, Cartermouth, NH 73455",1958-03-11
Michele,Perkins,"558 Johnson Mountains, New Stephen, GU 09425",1962-06-27
Stephanie,Zimmerman,"04750 Moore Street Apt. 811, Greermouth, PR 35309",1996-04-28
Danielle,Rice,"0751 Harper Lock, East Conniebury, NH 39642",1993-04-22
Ross,Choi,"88821 Jackson Corner, Stephaniemouth, GA 86930",1968-11-03
Andrew,Lambert,"Unit 9291 Box 4224, DPO AA 56318",1980-06-21
Bryan,Barrett,"5303 Medina Circle, Fischertown, OK 65616",1975-12-21
Ryan,Harris,"51037 Lopez River Apt. 435, Carlosburgh, NC 86741",1991-08-13
Ricky,Cook,"4524 Cabrera Forge, Marilyntown, MS 25010",1993-08-15
Troy,Maddox,"8263 Ballard Rapids, New Melissa, KS 99710",1975-10-11
Rachel,Marks,"2709 William Circle Apt. 422, Port Sarahside, IN 27984",1982-06-17
Matthew,Butler,"22019 Gutierrez Meadow, North Kelsey, CA 84287",1965-01-20
Sara,Green,"8299 Jackson Spur, Simonburgh, KS 48322",1958-12-08
Karl,Harris,"51546 Young Coves, East Wendy, IN 59001",1990-05-09
Wesley,Ellis,"23033 Randy Lakes Suite 142, Andersonside, SC 71727",2004-11-18
Rick,Ball,"Unit 6709 Box 0539, DPO AA 10124",1957-07-16
Mathew,Harper,"48424 Gould Island Suite 971, North Jose, VT 42395",1949-04-11
Betty,Mcgrath,"604 Paul Streets, East Barbara, OK 61013",1962-11-13
Penny,Quinn,"USNS Taylor, FPO AA 40511",1944-08-30
Jonathan,Hughes,"21889 Wilson Forges Apt. 384, New Danielside, CO 24280",1956-04-16
Mary,Jones,"627 Smith Fords Apt. 218, Port Leroy, GU 69838",1943-12-06
Lydia,Moore,"1730 Hill Roads, Davisshire, TN 60044",1958-01-29
James,Smith,"169 Jacobs Lodge, Whitneyfort, HI 83754",1990-01-13
Lori,Peterson,"14100 Lopez Forges Apt. 014, West Travismouth, LA 88559",2004-08-14
Lindsey,Stevens,"203 Donald Spring Apt. 732, West Marcusstad, GA 48259",1962-03-06
Pamela,Jones,"43322 Hicks Spurs Suite 943, East Katelyn, GA 67418",1962-11-29
Joseph,Diaz,"PSC 7549, Box 3237, APO AE 07681",1966-04-09
Melinda,Brown,"532 Watkins Roads, West Ianmouth, OK 22771",1980-10-06
Daniel,Castillo,"96798 Rebecca Squares Apt. 380, Haydenfurt, MN 92291",2006-08-20
Amy,Rodriguez,"77830 Brown Inlet Suite 629, Brittanystad, NC 57177",1952-03-31
Margaret,Sanford,"09172 Tracey Shore, Lucasmouth, WI 18325",1987-11-17
Aaron,Powell,"PSC 5550, Box 9662, APO AE 14314",1985-02-01
Ashley,Cole,"521 Eric Overpass Suite 131, Beantown, UT 16526",1968-03-12
Lynn,Salazar,"7147 Li Flats, Kathrynshire, OK 22436",1981-12-18
Andrea,Morris,"905 Joseph Circles, Tonyashire, ID 86286",1951-07-06
Andre,Mitchell,"250 Duncan Alley Suite 870, New Diana, MS 99316",1944-06-23
Jeremiah,Holmes,"3953 Meghan Glens, Barberton, CT 48972",2001-03-28
Daniel,Tucker,"9079 Rowe Common Apt. 623, Port Tracie, VT 79744",1998-10-07
Brett,Duffy,"042 Bridges Divide, Stephaniemouth, HI 82929",1992-06-30
Joel,Dickson,"USNV Johnson, FPO AE 00989",1946-04-11
Breanna,Johnson,"217 Zamora Valleys, South Jeffreybury, MT 75771",1951-12-29
Amanda,Banks,"314 Alejandro Drives Suite 339, Jeffreybury, GA 31781",2000-11-02
Shane,Simon,"5287 Perez Islands Apt. 140, South Williamfort, SD 78816",1937-02-04
Anthony,Andrews,"5669 Donna Knolls, North Michael, KY 85831",1937-07-09
Oscar,Thomas,"5089 David Fall Suite 438, West Jessicafurt, CT 66021",1940-10-19
Nicole,Avila,"420 Joseph Place Apt. 856, West Michele, FM 54055",1974-10-14
Jacob,Harper,"94772 Alyssa Mountains, Sanchezburgh, WA 92804",1982-02-04
Tammy,Baker,"551 Ruiz Ways, West Andrewview, CO 46999",1994-03-15
Brandon,Randall,"027 Gallagher Avenue Suite 857, Port Kathyfort, MP 07842",1935-02-11
Barbara,Stevens,"62409 Ruben Mountain Suite 394, Lisastad, VI 15892",2000-05-19
Amy,Morgan,"Unit 4409 Box 6985, DPO AP 72229",1999-04-23
Erika,Lambert,"0512 Alexandra Inlet Apt. 748, Charlesmouth, PR 18888",1995-07-16
James,Wong,"035 Lauren Mountains, Michaelfort, FL 98903",1980-01-01
Kayla,Adams,"170 Gentry Haven, Adamston, OR 97905",1955-10-31
Megan,Wise,"16449 Olivia Fall Suite 004, Kevinchester, MH 71026",1989-01-30
Jason,Bowen,"974 Jaime Wall Suite 516, North Carmenport, UT 16992",1958-05-15
Douglas,Pratt,"62137 Marie Crossroad Apt. 369, Williamsville, NC 48129",1967-02-26
Misty,Lopez,"3241 Martinez Station, Perezfurt, AS 87921",1943-08-17
Brandon,Hurst,"08018 Amanda Locks, Rebeccamouth, IL 17624",1977-05-21
Kevin,Grimes,"449 Wanda Garden Apt. 665, Robertside, AS 01374",1999-04-07
Juan,Taylor,"39978 David Mountains, South Justin, NV 43516",1952-05-18
Amber,Smith,"0694 Ramsey Crest Apt. 828, East Cassandra, GA 54879",1939-07-29
Tamara,Kline,"07514 Miller Light Suite 802, Christopherfort, KY 03599",1935-07-06
Megan,Dixon,"1575 Daniel Wall, Martinland, NV 80777",1933-09-21
Jessica,Wilson,"05415 Randy Expressway, Rojasland, VT 53876",1947-07-05
Jennifer,Swanson,"540 Hill Mills, Pruittland, SC 15787",1950-09-09
Edward,Brown,"118 Stewart Flats, West Jeffreyside, NE 38492",1957-12-07
Antonio,Patel,"56006 Ashley Coves Suite 408, Baldwinland, CO 94265",1990-12-16
Joshua,Bryant,"Unit 5300 Box 7748, DPO AP 36385",2005-09-02
Christopher,Gray,"USS Schultz, FPO AA 31388",1979-03-22
Craig,Stewart,"266 Robertson Fall, Leetown, IA 49939",1953-04-08
Christina,Hill,"458 Murphy Passage, New Mitchellchester, NC 74283",1943-03-06
Sandra,Vasquez,"45337 Nicole Ports Suite 522, East Adam, KS 64273",1957-07-14
Evan,Carlson,"900 Jared Corner, Cummingsfurt, NV 12603",1987-02-12
Patrick,Jenkins,"569 Ewing Plains Apt. 764, New Angela, NM 55250",1975-04-22
James,Perez,"889 Barnes Forge, Kennethtown, TX 39839",1980-06-27
Scott,Stone,"3901 King Pine Suite 341, Port Davidland, AS 25772",1996-01-19
Elizabeth,Davis,"8598 Webb Springs, South Gary, AZ 28254",1959-03-18
Ronald,Gregory,"19876 Tammy Stream Suite 036, South Jeanfort, NJ 39449",1942-11-21
Gregory,Sellers,"USNV Mack, FPO AP 56716",1980-11-29
Andrea,Contreras,"Unit 3864 Box 1881, DPO AE 92041",1977-01-12
Jennifer,Torres,"008 Moore Stream, North Timothymouth, IA 39609",1967-04-19
Tiffany,Reyes,"PSC 1009, Box 1863, APO AP 93301",1961-07-19
Eric,Reed,"7797 Brown Lake Apt. 630, New Dalefort, VA 30558",1965-11-15
Megan,Sheppard,"9191 Tracey Prairie, Allentown, MO 73155",1996-01-20
Matthew,Hoffman,"52706 James Light Apt. 978, Hawkinsmouth, MA 53666",1992-08-19
Joshua,Fox,"0180 Smith Branch, Burnsshire, SD 32929",1994-03-27
Kathleen,Russell,"Unit 2302 Box 6259, DPO AP 90656",1995-12-01
Jonathan,Cantrell,"3458 Lori Groves Apt. 204, South Anthonybury, MD 11345",1972-02-10
Theresa,Ball,"834 Johnson Green, Port Robert, CA 54735",1938-11-12
David,Brown,"54759 Monique Lodge Suite 235, Dawsonfurt, FL 75279",2001-11-11
Julie,Hebert,"5844 Garcia Common, Velazquezberg, KS 58285",1963-05-06
Elizabeth,Douglas,"045 Davies Forks Suite 480, East Heatherborough, NE 45285",1945-11-27
Matthew,Nelson,"731 Duke Springs, Kristenberg, CA 50957",1952-12-16
Kerri,Carroll,"570 Cruz Inlet, North Melissafurt, SC 04169",1990-06-22
Michael,Johnson,"656 James Alley Suite 738, Lake Timothymouth, MN 59758",1950-08-10
Jacob,Waller,"926 Zuniga Crest, South Marthaport, KS 25255",1953-09-15
Mary,Dean,"66294 Knight Divide Apt. 104, East Michellefort, MD 77132",1982-07-04
Daniel,Chung,"488 Ward Shoals Apt. 714, New Lynnstad, AL 81939",1966-10-18
Edward,Jones,"Unit 0752 Box 6903, DPO AA 87248",1956-03-08
Sheila,Smith,"514 Philip Trafficway Apt. 434, Jasminebury, PA 31179",1989-10-05
Thomas,Lopez,"6785 Ward Knolls, North Stevenmouth, AK 84480",2006-06-16
Tina,Jackson,"2823 Bean Fork Apt. 740, Port Courtneyland, LA 96567",1981-09-17
Brian,Stewart,"7394 Lucas Hill, Veronicaville, AL 66066",1968-05-06
Amy,Weiss,"33483 Eric Pike, Meganfurt, OH 86065",2005-04-19
Jennifer,Scott,"79664 Cisneros Keys, Port Lisatown, IN 91953",1953-09-29
Robert,Turner,"613 Wilcox Rest Apt. 621, West Danielle, NJ 38928",1962-06-03
Angelica,Petersen,"6693 Brown Ranch Suite 861, Richardburgh, IA 69289",2005-11-15
Patricia,Roberts,"526 Lisa Lane, Thompsontown, OR 84334",1971-10-15
Melody,Martin,"914 Matthew Summit Suite 985, Johnberg, CO 93758",1936-02-14
Zachary,James,"060 Mendoza Parkways Apt. 437, Cartertown, FM 86269",1946-05-21
Richard,Hutchinson,"609 Joseph Roads, Josephbury, NH 27990",1998-07-15
Ashley,Kemp,"5740 Carla Views Apt. 802, Tanyamouth, VI 85877",1982-08-17
Angela,Rodriguez,"23122 Gomez Parkway Suite 295, New Dennishaven, HI 16385",1998-12-16
Brian,Stanley,"888 Conway Spur, Lindahaven, PW 55524",1968-09-13
Ricardo,Anderson,"3734 Evan Drive, Steinborough, PA 38688",1961-02-01
Ashley,Cooper,"USNV Barajas, FPO AP 05207",1941-12-24
Michelle,Rivera,"2319 Wheeler Cliffs, South Kelseyberg, LA 93318",1978-11-06
Sarah,Grant,"57199 Gilbert Rest, East Gabriel, SC 89172",1997-05-03
Jeffrey,Howard,"6111 Marcus Island, Williammouth, AZ 99159",2000-04-26
Juan,Wilson,"USNV Sanders, FPO AE 32293",1997-02-24
Nathan,Ballard,"136 Brown Dam Suite 280, New Heatherburgh, FL 67389",1995-04-13
Karen,Yang,"5014 Antonio Hill Apt. 934, Grahamville, AR 37568",1976-08-28
Matthew,Compton,"2857 Rodriguez Ports, South Gloria, MN 49412",1944-01-20
Wesley,Peterson,"4395 Alexander Islands Suite 246, New Annabury, LA 54017",1971-04-29
Donald,Parker,"40056 Joseph Valleys Apt. 266, Davisberg, MN 21731",1936-10-30
Timothy,Moreno,"PSC 1920, Box 3192, APO AE 04603",1945-07-24
Cynthia,Howard,"02427 Drake Mill Apt. 357, Georgechester, MN 84890",1961-10-25
Diana,Saunders,"171 Wilson Stravenue, Simonborough, NY 49708",1938-03-08
Kyle,Robertson,"Unit 8844 Box 2748, DPO AE 41890",1992-10-16
James,Moore,"51974 Jasmine Burg, Lake Natalie, NM 89202",1980-10-10
Laura,Taylor,"323 Joshua Valley Apt. 536, Port Donna, ID 47212",1942-05-14
Katherine,Mooney,"78888 Glenn Dam Suite 671, North Daniellemouth, NH 62854",1981-09-18
Shane,Brooks,"26982 Young Expressway, Oconnormouth, NM 02761",1939-05-17
Cody,Davis,"3299 Bernard Harbor, North Lisafurt, KS 22598",1990-12-26
Whitney,Richards,"256 Courtney Glens, South Aaron, VI 81875",1974-12-08
Jordan,Johnson,"0595 Torres Squares Apt. 356, Port Lisabury, PW 61740",1986-07-15
Sheila,Hart,"8810 Robinson Court, New Nataliehaven, NM 93392",1982-08-21
Whitney,Taylor,"PSC 1766, Box 4600, APO AE 76282",1950-04-17
Meghan,Park,"53734 Raymond Camp Suite 750, Lake Grantberg, FM 59631",1983-03-26
John,Watts,"3492 Rodriguez Rapid Suite 525, Griffinhaven, MI 01921",1938-05-16
Shawn,Webb,"PSC 4772, Box 5176, APO AE 91025",1999-09-28
Brad,Ellison,"Unit 3211 Box 0195, DPO AA 06679",1989-02-17
Matthew,Rosales,"USCGC Mcmahon, FPO AE 24530",1970-04-02
Chase,Martinez,"8680 Jeremy Station, Lake Deborah, WV 72414",1962-02-05
Stephanie,Hernandez,"Unit 6494 Box 6691, DPO AP 49222",1953-04-25
Wyatt,Padilla,"2607 Sharon Spurs, Odonnellville, UT 86272",1972-02-24
Lisa,Brown,"738 Derrick Summit, Lake Matthew, MP 94909",1995-07-24
Kristen,Hays,"USNV Parker, FPO AP 04155",1974-12-30
Cynthia,Fox,"99962 Sawyer Wells Suite 930, North Michelleborough, AK 15579",1953-10-05
Ann,Huang,"63395 Mckinney Summit Apt. 573, Lake Crystalmouth, FL 11906",1972-06-07
Susan,Kent,"47418 Paul Mountains Apt. 323, West Holly, KS 31659",1956-05-01
William,Rodgers,"PSC 3597, Box 8124, APO AE 51145",1955-08-22
Mckenzie,Schneider,"776 Olson Rest, Georgemouth, SD 87982",1936-07-13
Beth,Sanchez,"11163 Tony Meadow, Garciaside, IL 57574",2002-12-17
Linda,Morris,"8928 Morgan Islands Suite 136, Darrellmouth, WY 64111",1985-02-25
Timothy,Contreras,"6413 Kim Islands Apt. 091, Jeremyfurt, NC 91346",2004-07-04
Jennifer,Gibson,"589 Jacob Crescent Suite 985, Laneside, MO 26982",1975-07-31
Courtney,Huang,"869 Curry Loop, New Lori, MA 81136",1962-07-03
Robert,Moore,"328 Walker Land Apt. 004, New Michaelmouth, WA 81113",1983-08-11
Benjamin,Davila,"1844 Jacobson Locks, East Darrell, AL 85297",1952-11-02
Ann,Rivera,"5911 Parrish Turnpike, Amandaburgh, FL 56758",2005-09-23
Kimberly,Russell,"USNV Smith, FPO AA 12954",1973-02-06
Don,Lowe,"42831 James Crescent Suite 057, Lake Christopher, NE 22770",1943-11-04
Amanda,Atkinson,"9642 Andrews Highway, North Karenburgh, CT 22374",1996-07-17
Sarah,Collins,"00580 Serrano Road, Nielsenfurt, OR 67529",1995-10-29
Ian,Robertson,"367 David Flat, South Melindatown, ME 16152",2003-01-15
Austin,Huff,"36918 Lowe Stream Suite 881, Lake Josephland, AZ 86115",1959-09-30
Hayley,Perez,"511 Ana Square, New Garyport, MN 22250",1951-12-03
Evan,Benson,"9569 Wallace Well Apt. 943, Lisashire, IA 12667",1953-11-30
Anthony,Evans,"14371 Cox Ports, Andrewfurt, OH 08698",1959-04-05
Michael,Martinez,"1435 Erin Road Suite 197, Whitemouth, MO 03439",2003-12-26
Karen,Decker,"372 Mccarthy Road Apt. 078, Lake Alexhaven, GU 74963",2002-07-16
Bradley,Mccarthy,"8022 Stewart Fields, Kinghaven, AR 12883",1996-07-08
Jeff,Day,"4377 Mcdonald Causeway Suite 065, Port Christopher, AL 78019",1955-11-25
Michael,Hahn,"Unit 3358 Box 1816, DPO AE 91424",1982-12-22
Peter,Lang,"8942 Jay Lights, Alexaberg, WY 57449",1953-06-10
Pamela,Gonzalez,"9666 Jeremy Points Suite 246, North Robertview, MP 03292",1944-08-30
Gregory,Williams,"6975 John Track, Mooremouth, TN 02316",1959-06-16
Samantha,Mullins,"901 Tran Prairie, Victorview, PR 67710",1980-04-15
Jerry,Garcia,"0739 Myers Walks, West Courtneyborough, MP 09392",1998-09-18
Clayton,Perkins,"95125 Mejia Canyon, Coffeyton, FM 96283",1988-01-03
Charles,Bishop,"051 William Valley Suite 324, Grahamside, PW 06322",1971-02-05
Brad,Campbell,"543 Jackson Mission Suite 680, Danieltown, MT 03129",1991-06-25
Edward,Thomas,"70155 Morgan Island Apt. 113, West Kristenport, OH 29243",2006-04-01
Timothy,Castillo,"USNV Torres, FPO AP 51620",1935-12-27
Rachel,Keith,"2281 Maldonado Expressway Apt. 344, Juanshire, IL 32119",1947-06-09
Teresa,Heath,"8423 Derek Ports Suite 588, Michaelborough, KY 24830",1987-05-10
Sarah,Hart,"80185 Jessica Branch Apt. 447, North Richard, WI 75904",1955-08-26
Carolyn,Anderson,"934 Sandra Mountains Suite 110, New Danielfurt, MN 49279",1989-11-10
Troy,Wallace,"7887 Rodriguez Stream, New Zacharyview, HI 57968",1949-02-28
Henry,Rodriguez,"USNS Wilson, FPO AA 51650",1973-10-14
Sharon,Robinson,"07491 Thomas Harbors Suite 998, Port Isaac, DE 41045",1999-11-17
Matthew,Benson,"36378 Hamilton Island, South Amber, NJ 44129",1947-09-08
Ryan,Monroe,"USS Wallace, FPO AA 72456",1991-08-02
Julian,Bennett,"4781 Robert Walk, Chavezstad, ND 34683",1987-04-12
Anita,Mcguire,"895 Shelby Roads, Townsendmouth, GA 22737",1952-10-25
Melissa,Simmons,"0577 Gomez Ford, North Anthonyville, CT 97469",1966-04-27
James,Carr,"65954 Alyssa Mall, Kathyland, IN 83118",1936-03-06
Ashley,Maxwell,"775 Wang Courts Suite 934, West Johnnymouth, AZ 35331",2002-05-12
Tonya,Sparks,"Unit 3994 Box 8987, DPO AA 46173",1967-11-12
Paul,Fuller,"3646 Sarah Manor, Wilkinsonfort, AK 76165",1968-06-12
Grant,Miller,"7758 Laura Groves Suite 609, New Michellemouth, NY 74675",1979-11-05
Christina,Gallagher,"28819 Caitlin Passage Suite 407, Brownhaven, GU 95045",1998-07-21
Megan,Merritt,"85534 Jacobs Port Suite 191, South Baileyfort, NJ 68810",1940-06-10
Miguel,Daniels,"79746 Hoffman Circles, Matthewstad, OK 74218",2000-08-14
Maria,Vargas,"37622 Wanda Port Suite 701, Johnburgh, MT 92765",2005-08-07
Caleb,Lopez,"6509 Brenda Stream Suite 739, Michaelton, WY 19389",1943-04-22
Colleen,Wood,"028 Michael Stream, Fullerfurt, FM 06075",1963-02-14
Andrew,Brown,"205 Wiggins Harbors Suite 267, East Brettmouth, MT 79141",1995-02-05
Emily,Bailey,"881 William Key, Nicholasberg, VT 43575",1963-07-28
Keith,Miller,"Unit 3763 Box 8240, DPO AE 96176",1944-02-20
Yvette,Delgado,"6014 Michael Underpass, Port Jessicaburgh, VA 92990",2002-07-05
Stephen,Baker,"64403 Allen Union, Sawyerberg, AR 90231",1958-12-24
Caroline,Hansen,"911 Rebecca Estate Apt. 551, Jaredborough, WI 07383",1976-04-09
Ricky,Harris,"277 Thomas Parkways, Matthewside, HI 93837",1997-04-20
Scott,Williams,"9684 Jason Prairie, Powelltown, NH 39953",1951-08-20
Anne,Austin,"23164 Davenport Avenue Suite 441, South Daniel, VI 53509",1987-09-02
Sierra,Bright,"9229 Henry Manor, Moraton, NC 31349",1950-06-02
David,Blankenship,"88095 Vickie Village Suite 827, Lake Danielborough, AS 41284",2006-05-21
Rachel,Phillips,"1478 Roberto Locks, Jenniferchester, SD 44602",1976-04-27
Tara,Davis,"3826 Dominguez Pike Apt. 688, Jenniferfort, DE 24091",2004-06-10
Leslie,Robertson,"1596 Porter Crest, Kariside, TN 33884",1959-10-09
Anita,Williams,"8499 Cisneros Throughway Apt. 153, Karaborough, SD 80834",1994-05-26
Tiffany,Rose,"9902 Jennifer Shores Apt. 957, East Robertfort, VI 26725",1980-02-01
Jody,Bentley,"44658 Scott Run, South Jennifer, CO 19857",1973-02-13
Ann,Gibson,"0050 Stephenson Club, Lisaland, TN 26072",1983-05-30
Alexander,Stephens,"USNV Ford, FPO AE 77025",1966-07-10
Mario,Smith,"95681 Nicole Corners Suite 206, Williamhaven, LA 66965",1938-10-23
Christina,Proctor,"PSC 4373, Box 0005, APO AP 05303",1982-03-23
Clarence,Moreno,"9644 Patterson Ridges, Port Jessica, KS 72435",1991-04-30
Joseph,Griffin,"780 Munoz Creek, Ashleyfort, FM 28144",1983-01-12
Emily,Martinez,"56431 Werner Street Suite 032, Kevinport, DC 70408",2001-07-26
James,Nguyen,"733 Michelle Viaduct Apt. 521, Billton, NY 62479",1964-04-28
Brandon,Campbell,"36295 Thomas Ridge Apt. 795, Aliciabury, NH 17042",2001-07-26
Cindy,Martinez,"47969 Hull Mountains, Lake Jeffrey, IL 22123",2002-08-26
Mike,Schwartz,"62878 Dana Knolls Apt. 615, Brianland, AL 60912",2002-05-03
Reginald,Reed,"8965 Coleman Port, Port Jenniferbury, PR 57599",1989-11-12
Deborah,Moore,"39707 Jordan Locks Apt. 884, Brownville, GU 26607",2006-03-19
Leslie,Ramos,"006 Eric Ramp, South Amanda, GU 99333",1975-08-26
Linda,Cox,"9333 Brandy Shore Suite 862, Amandaland, MN 51753",1947-11-10
Theresa,Arnold,"2534 Johnson Ranch Apt. 681, Millerview, FM 64938",1988-07-15
Kevin,Jackson,"6258 Patricia Lock, Smithborough, OK 81969",1988-01-31
Brian,Phillips,"221 Swanson Islands, Mcphersonland, TN 20465",1938-06-21
Gregory,Kelley,"20448 Jennifer Circles Suite 494, South Matthew, GA 19218",1994-11-05
Melanie,Bailey,"619 Delgado Trail, Johnsonchester, VT 17806",2000-02-13
Steven,Phelps,"520 Thomas Shores Apt. 623, Allenborough, MP 12072",1940-04-14
John,Herman,"190 Nichols Drive, Lorichester, WA 67190",2002-03-13
Derek,Stone,"PSC 2725, Box 4244, APO AA 92690",1974-05-05
Willie,Romero,"79553 Byrd Ports Apt. 865, Millerchester, NH 04617",2001-04-02
Michelle,Huerta,"2239 Wilkinson Mews, West Jamie, ND 53127",1967-10-01
David,Swanson,"25393 Amanda Lights Suite 719, Melendezstad, MS 47747",1992-10-15
Cindy,Hatfield,"252 Caleb Mountain, Alexanderborough, MD 04875",1999-11-13
Lindsay,Hudson,"00229 Ricky Lake Apt. 823, Douglasfort, FL 73267",1950-06-25
David,Brown,"73513 Jessica Valley Suite 629, Andersonton, NM 95136",1997-05-09
Leslie,Walker,"PSC 7771, Box 5258, APO AE 58212",2001-08-03
Joshua,Campbell,"PSC 0296, Box 4351, APO AE 87823",1966-11-21
David,Harris,"2671 Julia Ways Suite 551, South Amandaport, LA 34978",2004-10-04
Jim,Jones,"235 Deleon Gateway, Danielfort, LA 20751",1940-12-03
Andrew,Gray,"139 Roberts Curve Apt. 821, Phillipsshire, ME 40802",1979-08-14
Brian,Evans,"709 Annette Dam, Manningmouth, WY 53438",1967-07-15
Nicholas,Guerrero,"003 Nicholas Causeway Suite 627, Port John, TX 66088",1990-10-18
Amy,White,"234 John Lights, Lake Elizabethberg, VT 63981",1958-11-27
Mary,Rose,"PSC 5491, Box 2743, APO AE 22998",2000-06-18
Christine,Clark,"57552 Sheila Cliff Apt. 071, Carsonton, GA 67749",1936-08-29
Carol,Gibson,"96767 Garcia Plain, Lisaton, PR 22427",1935-01-14
Jeremy,Jackson,"86092 Munoz Mills Suite 877, Sandersfurt, NC 55728",1951-06-04
Nicole,Wilson,"5231 Bailey Avenue Apt. 294, Port Miguelfort, CA 74138",1975-03-05
Ricky,Chavez,"239 James Bypass, Lake Kaitlinborough, VT 42294",1963-06-05
Travis,James,"924 Church Parkway Apt. 239, South Ashley, MS 61963",1947-09-19
Deborah,Jones,"Unit 3051 Box 2908, DPO AE 03017",1972-08-25
Peggy,Sandoval,"7501 Jessica Spurs, Townsendbury, OR 24301",1984-08-28
Selena,Payne,"5059 Erickson Fall, Andrewsburgh, RI 02861",2004-08-09
Sarah,Williams,"90255 Jasmine Wall, East Daniel, FM 96115",2003-07-12
Felicia,Garcia,"USCGC Nolan, FPO AP 68229",1970-10-12
Richard,Green,"234 Danny Glens, Richardmouth, IL 05593",1960-06-16
Sheila,Snyder,"14148 David Lake, Kellyberg, MO 39223",1991-08-28
Casey,Zamora,"USNS Dunlap, FPO AE 69402",1981-01-24
Caitlin,Gonzalez,"PSC 1343, Box 7317, APO AA 48878",1997-12-09
Brian,Bennett,"48661 Christopher Coves, Fitzgeraldberg, LA 06867",1994-12-29
Angela,Jones,"0642 Porter Square Suite 442, Raymondstad, MT 05865",1972-03-01
Kevin,Mack,"6414 Austin Underpass, Susanside, FM 54098",1999-09-01
Robert,Edwards,"361 Walsh Ways Apt. 195, Rodriguezfurt, WI 92850",1949-10-08
Kyle,Ingram,"93707 Ronald Circles Suite 886, Port Markchester, FL 93346",1939-04-24
Christina,Holland,"4782 Floyd Mountains Suite 898, North Patriciaside, AL 21088",1993-05-31
Brittney,Brown,"7855 Davis Summit, West Gary, HI 78999",1994-05-03
John,Allen,"9192 Christopher Shoal Apt. 537, Lukeshire, VT 45738",1965-02-11
Amanda,Diaz,"009 Mccoy Fork Apt. 033, Brandyview, IL 38101",1945-04-02
Alexander,Potter,"27065 Shane Cove Apt. 155, Nealbury, NY 16340",1999-04-28
Brenda,Dominguez,"8427 Tabitha Way Suite 782, New Megan, TX 14782",1995-06-20
Kevin,Townsend,"5038 Laurie Field Apt. 616, Andersonburgh, PR 74263",1945-03-30
Vanessa,Wolfe,"9117 Jeremiah Manors, Port Kathrynport, FL 18074",1938-09-06
Nicholas,Chavez,"Unit 0689 Box 5521, DPO AE 17430",2000-05-11
Cindy,Thompson,"5752 James Glens Apt. 976, Lake Robertoshire, ND 86311",1988-10-17
Matthew,Williamson,"072 Briana Plaza, Lake Joshua, KY 01783",1935-11-20
Nathaniel,Kennedy,"0455 Elizabeth Club, West Michaelview, MT 47267",1947-11-14
Michael,Johnson,"8605 Lawrence Canyon Suite 871, South Ryanport, FL 04425",1995-11-25
Troy,Shaw,"PSC 2183, Box 5227, APO AP 85718",1956-09-21
Ivan,Nelson,"0527 Miller Vista, North Laurashire, AK 58340",1950-09-25
Theresa,Roberts,"32875 Marshall Mount Apt. 177, North Justinview, DC 97998",2000-03-05
Shannon,Wall,"68681 Knight Walks Apt. 349, New Tammy, NJ 70996",1990-01-05
Brian,Gaines,"9349 Thompson Well, Kevinmouth, MP 52804",1977-07-13
Stephen,Medina,"PSC 8787, Box 1073, APO AE 10298",1945-02-19
Anthony,Austin,"1015 Beth Fall, East Sharonmouth, MI 70803",1953-04-23
Tami,Smith,"18741 Becker Keys, West Ann, MO 06031",1997-07-07
Benjamin,Carter,"3019 Mueller Dale, East Stephaniemouth, CO 39964",1966-06-25
Karen,Wright,"66383 Lauren Passage, Tannerchester, AK 37632",2000-03-22
Kevin,Hall,"410 David Parkways Apt. 085, Steventown, NY 95828",1981-02-15
Sharon,Palmer,"70556 Foster Pines Apt. 294, Jonview, KS 13713",1964-01-29
Elizabeth,Wilson,"39237 Daugherty Centers Apt. 083, Walkerland, FM 82360",1957-07-30
Kelly,Jones,"1654 Clark Park Suite 534, New Rebecca, CO 60928",1994-12-31
Michael,Ramirez,"75579 Ryan Pike, South Christopher, NH 05274",1955-12-07
Desiree,Perry,"712 Campbell Ports, East Taylor, IL 63419",1967-12-18
Troy,Henry,"18652 Richardson Spurs, Angelaborough, DE 63797",1972-02-28
Lynn,Schmidt,"0154 Santana Springs Apt. 270, Evansmouth, MO 07240",1995-01-27
Gregory,Long,"852 David Spur Suite 213, Jamestown, OH 69347",1963-09-19
Gary,Jones,"72417 Anderson Common, Wilsonbury, GA 76240",1995-11-19
Carolyn,Johnson,"211 Parker Hills Apt. 137, Port Amyberg, NY 65059",1977-02-09
Christina,Woods,"644 Pena Roads Suite 728, North Randallfort, PW 87219",2005-10-12
Richard,Andersen,"9160 Smith Prairie, Port Patrickton, DE 64651",1940-07-19
Diane,Blackburn,"72543 Rodriguez Shores, Rodrigueztown, AS 92063",1977-09-19
Patricia,Stevenson,"31555 Chang Vista Suite 058, New Meganstad, VI 82040",2002-09-03
Chris,Morris,"367 Elizabeth Prairie Apt. 513, Christopherfurt, NY 02042",1993-06-11
Bryan,Zamora,"998 Christine Highway, East Jamestown, NV 12659",1947-03-05
Holly,Deleon,"5886 Friedman Lake, Carrland, TN 01121",1996-11-09
Jennifer,Thompson,"30869 Kathleen Mission, Baxtermouth, DE 90057",1973-10-06
Paul,Townsend,"7456 Amber Wall Apt. 624, New Kristen, CT 56798",1953-04-08
Ronald,Moore,"346 Audrey Via, South Lisatown, AL 09683",1974-10-01
Beverly,Mcclain,"Unit 6016 Box 3557, DPO AP 37155",1968-11-08
Michael,Moreno,"45874 Spencer Groves, Andrewview, MP 86415",1935-07-19
Michael,Russell,"7202 Justin Curve Apt. 827, West Jason, NE 34026",1990-10-22
Ryan,Atkins,"344 Johnson Light, South Patriciaport, OK 81884",1940-03-17
Mark,Lee,"945 Stevenson Port Apt. 081, New Jameschester, AR 31367",1992-10-12
Terri,Reynolds,"14166 Luis Mountain, Port Shelly, UT 24071",1995-12-20
Brittany,Bryant,"21207 Peterson Fords, Armstrongtown, MI 35656",1971-11-20
Alexandra,Pena,"80017 Ryan Stravenue, Port Christophermouth, FM 60983",1941-05-01
Holly,Elliott,"618 Nolan Plains Suite 769, South Samuelton, VI 93147",1936-08-12
Wendy,Tate,"439 Buck Trail Apt. 688, New Michelleburgh, AR 03073",1937-02-11
Victoria,Davis,"4912 Henderson Well, Woodberg, NJ 07569",1993-12-01
Lisa,Allen,"42246 Davis Stravenue Suite 656, North Ashley, CO 97739",1947-08-01
Jeremy,Barton,"5835 Robert Villages, Ferrellfurt, NV 54031",1945-09-26
Brandon,Paul,"080 Norma Common Suite 212, Jacobstad, UT 21363",1988-09-11
Charles,Franklin,"6755 James Common, Stevenside, SC 42746",1964-03-18
Mackenzie,Morgan,"2696 Thomas Causeway Apt. 315, East Thomastown, MO 31255",2000-02-21
Joseph,Soto,"8927 Jane Wall Suite 584, South Brittney, FM 04086",1986-11-10
Stacey,Smith,"USNS Holmes, FPO AE 81964",1971-02-27
Rebecca,Peck,"3745 Cantrell Courts, Shannonfurt, CA 09090",1985-11-03
Raymond,Shaw,"1087 Johnston Estate, Alexandraberg, MH 14071",1944-03-05
Eric,Thomas,"912 Roy Cove Apt. 209, East Daniel, WA 15562",1994-07-13
Connor,Hancock,"USS Mcdonald, FPO AA 89038",1973-05-24
David,Ramirez,"877 Jennifer Row Apt. 178, North Philipland, TX 20285",1939-08-05
Sarah,Brown,"Unit 6049 Box 1314, DPO AE 22387",1978-11-02
Emily,Thompson,"469 Jones Trail Apt. 930, Christopherbury, PR 70052",1953-09-13
Mary,Brock,"651 Jennifer Lane Suite 738, Barryberg, PW 08969",1960-05-13
Robert,Rivera,"522 Kelly Terrace, Starktown, GA 18381",1995-11-30
Lynn,Perkins,"7656 Jeffrey Rapids Apt. 911, New Brandon, NJ 38267",1943-02-01
Samantha,Lopez,"32851 Robin Lights Apt. 110, New Hannah, NC 73378",1953-11-02
Jacqueline,Walker,"8288 Fletcher Springs, New Amanda, GU 75143",1933-10-31
Tammy,Braun,"08394 Jose Lodge Suite 367, Lake Christopher, HI 58689",1995-06-25
Ashley,Singh,"2114 Glover Corner Apt. 216, Kingbury, AL 94125",1971-09-30
Samuel,Baker,"9318 James Field Suite 879, Jamesstad, MA 27820",1975-06-22
Mary,Anderson,"246 Nicole Spur, Scottstad, WV 37514",1964-11-04
Jasmine,Garrison,"245 Cardenas Via Suite 869, East Luisbury, MS 49933",1954-12-12
John,Gates,"33480 Danielle Well Suite 208, West Eric, AS 15947",1985-04-23
Lauren,Hill,"219 James Fall Suite 733, East Erinton, NV 96784",1976-07-16
Audrey,Gilbert,"09118 Williams Extension Suite 490, West Traceymouth, ME 52872",1956-08-15
Christopher,Beck,"53267 Wright Circles, Suarezton, MI 14791",1991-06-05
Claudia,Strickland,"790 Roach Wall, East Thomasport, CA 87950",1963-02-16
Kimberly,Sanders,"059 Michael Circles Apt. 015, Mooreport, VT 63740",1953-03-23
Elizabeth,Robles,"95153 Kenneth Garden, Port Anthony, TN 66279",1963-05-23
Mark,Jackson,"742 Andrew Lake Suite 666, North Joseph, DE 82177",1980-10-30
Kyle,Cox,"74123 Thomas Falls, South Suzanneburgh, GU 96680",1996-08-14
Crystal,Martinez,"877 Michelle Drive Apt. 387, West Sheri, WV 12989",1992-02-14
Ronald,Peterson,"300 Jones Glens, Port Nicholasville, MT 41789",1983-04-25
Paul,Carter,"USS Wright, FPO AP 26890",1938-08-23
Gregory,Shaw,"3031 Nguyen Alley, Matthewchester, DE 73388",1971-09-17
Vanessa,Garcia,"4180 Dixon Landing, North Robertfurt, CT 46627",1986-10-24
Maria,Martinez,"630 Jennifer Fords, North Michelle, ND 22160",1976-11-22
Richard,Gibbs,"25357 Jennifer Knoll Apt. 960, West Thomas, UT 10122",1967-12-31
Michael,Jensen,"120 Smith Highway, New Billy, AZ 16325",1938-10-28
Danielle,Jones,"62475 Peterson Ports, Jenniferchester, SC 52269",2003-07-21
John,Ryan,"86621 Delgado Track, Markberg, SD 94984",1968-07-15
Timothy,Ramos,"5881 Vincent Pass Apt. 306, Spearschester, WY 21878",1985-09-27
Sharon,Griffin,"871 Brenda Oval Suite 177, Lake Tiffanyside, AZ 98750",1948-04-02
Rachael,Berg,"46758 Christopher Gateway Suite 212, Wardbury, CT 65620",1953-11-10
Victoria,Peters,"595 Martin Locks, Patriciaberg, WV 66174",1975-09-30
Emma,Moore,"68195 Brittany Ridges Apt. 937, Gardnerfurt, ID 62987",1951-02-20
Isaac,Rodriguez,"20959 Shields Row, Jameshaven, NC 60285",1951-10-24
Paul,Gibson,"78832 Garcia Highway, East Matthewland, AS 67756",1935-03-29
Paula,Hale,"98688 Garrett Hills Suite 817, Chambersfort, PA 15848",1996-07-10
Jonathan,Taylor,"1252 Chelsea Lodge Suite 076, Lindseyton, ME 60217",1972-08-29
Margaret,Perez,"28915 Tyler Island Apt. 004, East Aprilport, FL 92270",1966-04-16
Brent,Wilson,"9815 Lewis Glens Apt. 551, Clayborough, IL 81023",1940-08-17
Jose,Hickman,"768 Carl Tunnel, Flowersstad, MH 73869",1996-05-18
Brittany,Brennan,"5471 Hart Branch Apt. 990, South Jonathanbury, NJ 21817",1938-02-08
Wendy,Lucero,"6860 Gill Cape Apt. 076, New Angelaburgh, ME 95294",1957-05-10
Carol,Wilson,"9661 Lopez Corner, Martineztown, CO 98437",1939-05-11
Jessica,Peterson,"9964 Marshall Place Suite 809, Lake Craig, SC 45058",1959-03-06
Samuel,Jones,"2013 Fischer Ports, Williamland, HI 42502",1942-11-18
Miguel,Jackson,"324 Hopkins Spur, Ramirezhaven, AZ 13789",1971-02-28
Rachel,Montgomery,"439 Moyer Flat, Jonesberg, AR 91725",1946-03-15
James,Meyer,"0516 Cooley Summit, West Randyberg, ND 75051",2004-05-23
Renee,Cook,"29940 Rubio Lakes, Crawfordbury, WY 40752",1986-06-09
Nicole,Rios,"92822 King Harbor Apt. 797, West Janiceton, MS 28862",1968-07-12
Jessica,Schaefer,"PSC 1414, Box 8164, APO AA 76487",1947-01-28
Ashley,Hawkins,"89402 Hanson Plains Suite 426, West Jasonhaven, AR 81176",1934-08-08
Kelly,Williams,"055 Janice Cliffs, Hollandhaven, SD 80806",1945-04-29
Jennifer,Gomez,"016 Justin Mission, South Edwardhaven, NJ 77570",1983-02-16
Gilbert,Norris,"253 Thompson Islands, North Crystalshire, DC 77615",1995-06-21
John,Watts,"2038 Chad Summit Apt. 817, Kellyfort, TX 24580",1959-06-25
Ricardo,Taylor,"7918 Austin Crossing, Higginsborough, AL 36311",1939-03-01
Ethan,Morris,"USCGC Mcknight, FPO AE 07230",1979-11-04
Charles,Warren,"388 Caldwell Turnpike, East Steve, ND 50312",1976-03-22
Heather,Robles,"272 Jennifer Skyway Apt. 439, Chadfort, WA 71797",1945-02-01
Travis,Green,"552 Martin Pine, Lake Angelaborough, UT 70393",1958-11-20
Carolyn,Martin,"76133 Jeffery Lock, Nelsonview, MT 29856",1981-08-05
Sharon,Avila,"30924 Gwendolyn Grove, Richardland, VT 39207",1991-09-24
Amanda,Reyes,"86120 Morales Camp, Lake Jimmy, MS 32285",1945-12-06
Stephanie,Tucker,"7806 Kellie Mills, Nicholeton, AS 34996",1941-07-25
Anthony,Perez,"362 Johnson Parks Apt. 582, Floresberg, LA 66156",1963-07-14
Ellen,Holmes,"31401 Burton Ways, Lake Tyler, PR 35426",1986-05-23
Clifford,Reynolds,"430 Ashley Coves, Elizabethmouth, AZ 82511",1974-04-21
Gail,Miller,"785 Andrew Way, Harrisside, VA 56109",1955-09-16
Taylor,Lee,"3214 Snyder Knoll Apt. 336, Rachelshire, OK 03678",2005-12-23
Jonathan,Lee,"28109 Walker Well Suite 913, Donaldland, IN 56143",1975-04-15
David,Solis,"9555 Matthew Prairie Suite 991, Laurenshire, MD 40405",1940-02-28
Diane,Walters,"0937 Arnold Plains Suite 000, Lake Susanmouth, UT 77520",1941-11-19
Billy,Gray,"4929 White Ferry Apt. 137, Petersonmouth, LA 41828",1970-12-10
Kathy,Lane,"PSC 0751, Box 7642, APO AP 61990",2000-03-03
Audrey,Chen,"868 Bryan Union Apt. 453, Drakechester, VA 35506",1996-12-19
Joy,Bruce,"57100 Martin Bypass Suite 871, Raymondview, NY 31406",1950-02-19
Julia,Mercer,"6885 Cain Street, New Jonathanmouth, PR 08849",1944-02-15
Damon,York,"06367 Michael Gardens, Fordville, MP 12193",1982-06-06
Matthew,Brown,"869 John Well, West Jamieside, CA 02504",1961-06-02
Joseph,Mcintosh,"50977 Ware Light, Evansbury, VT 54408",1958-01-08
Edward,Nelson,"Unit 4695 Box 8700, DPO AP 48394",2004-08-05
Megan,Perez,"33174 Brian Junctions, Davismouth, IA 48177",2002-08-29
Joshua,Evans,"026 Amber Crossroad Apt. 692, North Christinetown, IL 45204",1977-02-04
Melissa,Morgan,"1664 Alan Mountain, Hernandezmouth, NM 87290",1955-09-05
David,Le,"654 Jackson Points, Lake Thomasville, ID 72052",1935-02-22
Eric,Allison,"64556 Jones Rapid Suite 395, North Steve, WY 68529",1948-12-23
Leslie,Allen,"72443 Barbara Path Suite 147, Phillipsmouth, ND 67934",1969-05-03
Samantha,Phillips,"0405 Nelson Row, Derekchester, PR 26490",1955-12-03
Kyle,Pena,"006 Morris Ports Suite 456, Hicksmouth, CO 78955",2004-02-10
Ryan,Lee,"2825 Lopez View Apt. 800, Seanton, FL 80435",1998-04-16
Eric,Murphy,"7268 Donna Isle Suite 193, North Lisahaven, OH 70260",1955-03-12
James,Avery,"1863 Whitney Streets Apt. 376, Grahammouth, MD 03575",1934-10-13
William,Chavez,"7248 Christopher Cape, Ewingville, NY 53922",1955-01-01
Regina,Parrish,"Unit 4208 Box 3193, DPO AA 37108",1935-07-26
Steven,Mitchell,"USNS Miller, FPO AA 68208",1953-12-06
Ashley,Cook,"4959 Scott Inlet, Port Robertfurt, WV 26643",1947-11-21
James,Lindsey,"47183 Miller Pass, South Cathymouth, MA 43968",1950-08-02
Erin,Perez,"083 Anderson Skyway, Thompsonfurt, OR 88897",1975-06-01
Michael,Collins,"USS Jackson, FPO AP 89008",1982-06-06
Kelly,Young,"462 Haney Meadow, Lake Mariah, AR 38024",1966-07-24
Anthony,James,"6086 Kelly Squares Apt. 113, New Jacquelineside, WY 18570",1975-04-01
Jamie,Burton,"268 Melissa Plaza, Roseberg, OH 15012",1994-08-14
Alicia,Jackson,"8842 Alicia Parkways Apt. 593, North Pedromouth, VI 29558",1990-12-24
Daniel,Parker,"40874 Martin Street Suite 455, New Leonard, FM 70955",1950-05-29
Michele,Thompson,"58906 Jones Light, Gonzalezmouth, MT 24226",1948-07-20
Shelley,Hughes,"80058 Sandra Brook, Dixonberg, ME 67513",1993-08-21
Marie,Gutierrez,"549 Cassandra Turnpike Apt. 964, Johnsonport, SC 76668",1952-04-19
Jonathan,Hughes,"699 Lopez Ways Apt. 870, Andersonton, WA 49853",1950-08-24
Shelly,Holloway,"2622 Conner Common, Coltonmouth, AZ 11751",1965-09-15
Jonathan,Jones,"4196 Amy Walks Suite 802, New Joshua, AK 52319",1992-10-19
Sarah,Boyd,"PSC 5880, Box 7853, APO AA 06252",1990-07-16
Jesus,Matthews,"62779 Jenny Trafficway, East Christopher, MT 31248",1972-04-22
Kimberly,Webster,"6761 Traci Springs Suite 662, Yvonnestad, OH 08180",1986-09-27
Andrew,Huerta,"15938 Brandi Ferry Suite 252, Wallacestad, PA 63105",1955-02-16
Mia,Murray,"081 Edward Cliff Apt. 097, East Andreaport, MH 25962",1949-02-11
Steven,Stewart,"3168 Morgan Greens, South Ashley, GU 84812",1989-07-24
Jeremy,Boyle,"09507 Shane Crossroad, Brandonview, MP 10613",1978-03-18
Megan,Aguilar,"0012 Juan Roads, Shannonshire, MP 93310",1976-09-27
Rachel,Jones,"Unit 6156 Box 2995, DPO AA 69561",1964-11-09
Deborah,Torres,"88346 Flowers Station, Philiphaven, CA 71837",1953-10-24
Gina,Gomez,"366 Christopher Green, New James, DC 60502",1934-02-08
Lisa,Roberts,"04441 Foley Loop, Victorborough, TX 93364",1949-09-23
Charles,Ayers,"403 Michele Points Suite 245, South Travis, AL 35827",1995-09-19
Christian,Shaw,"03837 Michelle Parkway, West Marybury, LA 14664",1981-12-16
Julie,Gutierrez,"324 Nicholas River Suite 345, Christopherport, MO 75673",2002-10-03
Ruth,Perez,"62099 Aguilar Mountains Apt. 809, West Mark, WI 01829",1978-03-18
Edward,Freeman,"17260 Brown Ramp, Jillland, HI 47600",1986-05-21
Jessica,Murray,"4780 Adam Passage, South Kendra, AZ 11791",1950-12-26
Rachel,Garcia,"756 Marquez Pines, Mcconnellmouth, AZ 56359",1969-12-11
Katie,Ortega,"139 Stone Loop Apt. 596, Dawnfort, CO 83108",2003-05-12
William,Obrien,"0677 Warner River, Port Alexandraport, HI 36666",1976-08-21
Matthew,Fleming,"641 Mark Island Apt. 269, Port Sergio, UT 67343",1944-09-08
Timothy,Wagner,"276 Renee Well Apt. 849, Butlermouth, ND 61885",1984-11-01
Lawrence,Wilson,"6881 Jared Road, Michelleburgh, CO 44985",1998-11-11
Amber,Boyer,"859 Wise Pike Suite 048, Lake Jennifershire, VT 10689",1986-07-26
Tara,Parker,"80909 Le Course, East Brandonview, NH 34731",1972-03-22
Laura,Simmons,"06083 Hill Station, Lake Samuel, WV 56328",1974-08-21
Laurie,Hester,"035 Jose Stream, East George, ND 55250",1938-08-07
Michael,Chang,"266 Diaz Mountains, Lake Valerie, VA 96502",1950-11-26
Roger,Roberts,"USNS Fernandez, FPO AP 07758",1957-07-20
David,Reyes,"242 Angela Crossroad Apt. 706, Jamesfort, CO 32314",1993-01-16
James,Davis,"5488 Brown Unions Apt. 582, North Ashleyburgh, MP 82894",1945-06-18
Paula,Simpson,"PSC 9455, Box 0357, APO AE 46970",1949-03-22
Devon,Davis,"939 Jones Summit Suite 829, East Kenneth, WI 59163",1970-02-01
Kirk,Bolton,"171 Samantha Meadows, Mortonshire, AZ 82319",2000-09-21
Joseph,Sanchez,"312 Frank Cove, Johnsontown, CA 25258",2001-07-26
Diane,Long,"75011 Stephen Crescent Suite 257, Stephanieton, OR 75989",1947-02-01
Sabrina,Horton,"39791 Miranda Key Suite 392, South Michael, MI 42172",1955-09-14
Denise,Russell,"3938 Melissa Ridge, East Brookemouth, WA 55740",1969-11-25
Lauren,Mullins,"595 Charles Point, Brandonside, OK 69815",1967-01-06
Melissa,Mitchell,"92742 Stephen Divide, Port Sarah, OR 78299",1999-09-03
Anthony,Bird,"Unit 0247 Box 8598, DPO AA 26312",1990-07-04
Rebecca,Waller,"Unit 5400 Box 0181, DPO AA 81600",1940-01-24
Melissa,Jackson,"30294 Karen Brook Suite 204, Shawnville, WI 04360",1997-10-18
Terri,Smith,"0191 Colleen Mountains Suite 486, West Christinaville, WY 38921",1959-04-26
Edward,Williams,"12383 Spencer Brook, West Markland, UT 00785",1978-01-16
Angela,Woodward,"PSC 3889, Box 7108, APO AP 14181",1988-12-20
Kara,Avila,"05931 Marcus Views, Carrberg, AZ 53537",1991-04-10
Briana,Oconnor,"191 Rice Gardens, Martinfurt, WY 96072",1993-07-06
Frank,Hernandez,"918 Powell Prairie, Lake Lauren, GA 85798",1945-08-19
Noah,Bowers,"72279 Dylan Fall Suite 482, Jordanburgh, ID 97347",1956-08-01
David,Banks,"378 Johnathan Spur Suite 225, South Luis, ID 65416",1961-10-21
Regina,Burch,"35633 Velasquez Place, East Juliechester, AK 39287",1980-06-02
Sarah,Chapman,"9911 Vicki Island Apt. 665, Lake Cynthiaborough, PA 56165",1990-08-03
Catherine,Cervantes,"490 Hickman Turnpike, Nicoleburgh, ND 92024",1984-12-23
Bradley,Kerr,"71850 Beasley Estates Suite 242, Michaelbury, NM 66782",2005-03-30
Michael,Herrera,"493 Brian Motorway, Davidside, MD 58072",1990-09-15
Yvonne,Rodriguez,"44072 Cardenas Drive Apt. 924, Elaineborough, MH 67325",1995-02-07
Brenda,Gutierrez,"072 Michelle Inlet Apt. 373, Lake Margaretmouth, OK 99502",1959-05-17
Amber,Jones,"USNV Kramer, FPO AA 84154",2002-05-30
Dawn,Lindsey,"045 Wilkinson Square Suite 161, Bensonshire, MN 63289",1965-12-10
Shannon,Barber,"223 Julia Circles, Port Melissa, IN 27454",1969-09-25
Carlos,Pineda,"4267 Allison Ridges Apt. 548, Benjaminfurt, KS 80542",1997-02-18
Courtney,Wood,"90733 Reed Drive, Justinstad, CT 99642",1990-01-02
David,Baker,"12708 Bolton Divide Suite 754, Shelleymouth, MT 31646",1949-08-25
Bryan,Pittman,"844 Myers Lodge Apt. 226, Bondborough, NH 38430",1956-08-30
Kimberly,Harrison,"57974 Jonathan Club Suite 840, North Julieland, AK 36922",1990-02-16
Christina,Patterson,"764 Tammy Expressway, East Jamesburgh, CT 73775",1999-09-19
Diana,Jackson,"393 Gonzalez Via, New Jordan, ID 25933",1998-12-05
Alexandria,Trevino,"Unit 3634 Box 7279, DPO AE 71101",1965-10-15
Tyler,Young,"744 Cantrell Fort Suite 032, North Marissaview, IA 35704",1988-02-07
Steven,Carter,"32562 Cherry Inlet Apt. 106, South Darrell, AS 97483",1975-08-27
Kyle,Wallace,"50000 Erica Meadow, Robertview, VA 54127",1989-09-06
Billy,Contreras,"4346 Crystal Run, East Karen, IL 74517",1989-02-20
Lindsay,Browning,"687 Sarah Mountains Apt. 296, New Jillian, GA 86584",1971-08-05
John,Davis,"4406 Anthony Dale, Port Peter, MA 95409",1940-03-27
Robert,Graves,"388 Ashley Groves, North Leslie, GA 92045",1970-01-05
Mary,Bailey,"61045 Jeremy Shoal, Williamston, OK 30090",2002-11-23
Steven,Harris,"33016 Laura Throughway Apt. 083, New Derek, HI 45447",1995-10-15
Samuel,Vazquez,"041 Brian Extension, Schmidttown, AL 79803",1983-04-11
Emma,Green,"62583 Donna Ports, North Scott, MD 30606",1966-10-06
David,Torres,"42371 Brianna Trafficway, New Susan, OH 79816",1985-10-19
Shelly,Rowland,"051 Carrillo Greens, South Dorothy, MN 11684",1944-05-01
Deborah,Gonzalez,"USCGC Freeman, FPO AP 02148",1974-01-01
Amy,Howard,"USCGC Anderson, FPO AA 47369",1995-12-06
Timothy,Robertson,"60439 Natasha Lane Apt. 461, Ginamouth, NJ 68912",1939-09-17
Kimberly,Santiago,"5078 Jackson Ramp Suite 525, Marktown, PA 89085",1944-02-01
Debbie,Stone,"2893 Malik Pine, Johnsonstad, WY 03057",1975-07-05
Christina,Robinson,"114 Barron Shore, Craigland, GU 80087",1968-01-15
Jeffrey,Bush,"708 Erin Inlet, Ryanside, WV 88541",1953-08-08
Angela,Ewing,"7792 Clark Cove, Weissland, NC 44538",1996-03-05
Martin,Camacho,"65041 Mcpherson Square Suite 111, New Lisachester, OH 59625",2006-04-19
Kim,Hunter,"37875 Alicia Wells Suite 681, Estradahaven, HI 45878",1965-01-07
Belinda,Coffey,"934 Lee Via, South Donna, PR 42658",2003-10-06
Joshua,Nguyen,"66189 Gonzales Grove, Lopezborough, TX 71698",1953-07-07
Michelle,Moore,"295 Wright Mountains, East Jackfurt, VI 97270",1986-11-17
Vickie,Anderson,"0151 Thompson Square, New Brittany, MN 62263",1946-10-04
Sandra,Hansen,"2118 Page Burg Apt. 285, Karenmouth, FL 76019",1952-12-18
Shelby,Hawkins,"53859 Jacqueline Hill, Caitlinfurt, MI 35470",1988-04-05
Emily,Nguyen,"2806 Hammond Loop, East Joeltown, MN 06364",1958-04-08
Nathan,Miller,"USCGC Clark, FPO AA 96422",1989-02-14
Amanda,Leon,"206 John Light Suite 798, Mendezbury, FL 21684",1959-09-04
Steven,Bauer,"5160 Madison Locks Suite 485, Port Jared, LA 34518",1996-08-07
Jacob,Guerra,"042 Christine Lock, New Thomas, DE 73450",1988-10-16
Kimberly,Dunn,"917 Shaw Junction, West Jesseport, FM 76350",1964-05-04
Rita,Taylor,"21356 Scott Mount, Port Nicholas, KY 66228",1949-11-21
Jennifer,Collins,"Unit 8067 Box 5158, DPO AP 73359",1993-09-22
Steven,Cooper,"70632 Gross Throughway Suite 068, Danielleport, VA 14503",1947-11-10
Tyler,Bridges,"5222 Hill Burg Apt. 525, New Michael, WY 02104",1954-08-11
Ethan,Gonzalez,"0370 Martinez Centers Apt. 725, Michaelburgh, IN 39516",2005-02-01
Cindy,Jackson,"37402 Russell Motorway, East Annborough, FM 40042",1966-01-28
Cameron,Farley,"43689 Thompson Courts Suite 639, Port Vanessamouth, IA 87468",1963-10-28
Thomas,Keller,"605 Kaitlin Springs, Lake Jessica, AR 45904",1957-08-15
Elizabeth,Barry,"9213 Tanner Lane Apt. 289, Reyesside, SC 98960",1945-06-18
Taylor,Zimmerman,"2946 Jenna Pike, Mirandaborough, NJ 61956",1944-04-14
Andrew,Lee,"443 Garcia Hills Apt. 678, Lake John, IA 04179",1935-11-23
Robert,Roman,"1385 Terrell Gardens, West Craig, HI 80777",1987-07-10
Michael,Dodson,"444 Reyes Brooks Suite 313, New Douglas, ME 21452",1969-10-10
John,Kim,"7237 Brandon Cape Apt. 156, Mannmouth, FL 60732",1947-04-13
Stephanie,Fischer,"199 Carroll Road, New Kurtstad, IN 56662",1993-06-04
Kimberly,Mcdaniel,"0570 Colon View, Sandovalland, SD 52520",1973-05-06
Timothy,Boyer,"839 Torres Shoal Suite 635, East Scott, MN 89223",1949-04-09
Robin,Moore,"482 William Court Apt. 838, South Ronaldmouth, WY 07010",1977-07-07
Dennis,Brown,"75695 Lisa Port, Davidburgh, AZ 09865",1990-06-11
Kathryn,Cox,"6507 Wesley Curve Apt. 312, North Marctown, MI 77939",1983-01-19
Matthew,Butler,"64948 Green Plain Apt. 758, Carrshire, AK 33640",1936-09-13
Matthew,Johnson,"02803 Jack Estates Apt. 290, New Timothy, SC 96325",1981-02-15
Kyle,Wright,"52251 Hannah Bypass, East Jenniferberg, CA 92000",1935-05-08
Kelly,Hartman,"PSC 6258, Box 5286, APO AA 51580",1972-04-24
Stephanie,Hernandez,"Unit 3909 Box 4363, DPO AA 25464",1960-05-29
Maria,Joseph,"50608 Robinson Neck, North Sara, IN 26378",1948-07-08
Jeanne,Solomon,"475 Suarez Walk Suite 882, Thomasborough, RI 40733",1992-08-06
Michael,Hunt,"785 Ariel Route Apt. 297, Garciaside, MS 63343",1973-08-13
April,Mcknight,"95408 Burke Streets, New Johnside, OR 10866",1950-02-28
Sandra,Thomas,"130 Brown Mountain, Port Natalieside, NC 65962",1937-01-06
Michelle,Aguirre,"72029 Joseph Row, New Michaelborough, FM 41529",1997-02-04
Anthony,Logan,"PSC 5830, Box 3444, APO AA 07465",1978-10-24
Bailey,Hartman,"8286 Amber Springs, South Katherine, PW 84691",1991-03-16
Lisa,Morgan,"22091 Christine Tunnel, Cruztown, AK 56334",1976-01-19
Spencer,Moore,"05676 Wise Lights, Jacobbury, ND 63759",1998-12-24
Julie,Baker,"3727 Owens Ports, Lake Matthewmouth, MD 13222",1979-07-17
Nicholas,Wang,"019 Victor Square Apt. 346, Padillaport, VI 35695",1939-04-15
Robert,Bass,"713 Jeremy Way, Jamesburgh, GU 89416",2000-03-19
Christopher,Rivera,"36283 Katherine Vista, Port Kelseyton, AZ 38295",2002-07-04
Brandon,Martin,"225 Sarah Vista Apt. 967, Maryland, ID 97338",1950-04-09
Kelly,Ayala,"4386 Wheeler Station, Christensenland, CT 64921",1985-03-13
Johnny,Parsons,"789 Dodson Circles Suite 980, Lake Lindsay, TN 65038",1986-08-31
Leah,Torres,"96592 Smith Stream Suite 063, Smithland, HI 48721",1955-10-28
Amanda,Solomon,"14102 Emily Dam, Zacharystad, NE 58496",2006-05-28
Desiree,Pierce,"051 Lowe Fork, North Emily, LA 68942",1937-04-24
Jesus,Cole,"421 Tran Gateway Apt. 039, Lake Sherri, MN 51276",2003-05-05
Charles,Mcmahon,"8467 Taylor Junctions, Jonesville, MP 14123",1975-04-09
William,Schneider,"158 Myers Orchard Suite 646, Jeffreyberg, WV 15403",1957-05-19
Brian,Williams,"PSC 5592, Box 4163, APO AP 85608",2006-08-20
Joseph,Day,"4796 Johnson Crossing, Katelynton, GU 76405",1983-01-26
Randy,Bell,"029 Zachary Circles, South Taylorburgh, ME 14937",1947-01-02
Manuel,Schroeder,"4439 Friedman Crossroad Apt. 016, Michaelborough, TN 42661",1955-02-22
Ronald,Johnson,"9629 Smith Plains, New Frank, TN 44633",1988-09-28
Anita,Jackson,"USNV Lindsey, FPO AP 20542",1992-05-09
Rachel,Gonzalez,"35870 Nicholas Inlet Suite 305, Danielsborough, AS 26121",1967-09-28
Alisha,Lewis,"54160 James Port Apt. 397, Sarahview, DC 73138",1966-11-25
Kathleen,Anderson,"45394 Thomas Tunnel, Popeton, MI 05604",1949-02-02
Adrian,Kirby,"291 Nichols Turnpike Suite 379, Jefferyside, HI 51038",2006-08-11
Tiffany,Payne,"PSC 9832, Box 7608, APO AP 05921",1998-08-23
Lisa,Ramirez,"62880 Hartman Grove Suite 978, Sheltontown, ND 64201",1971-09-07
Mark,Krause,"USCGC Khan, FPO AP 55667",1997-08-14
Wendy,Chapman,"88321 Davis Run, Port Damon, NV 51905",1971-04-16
Jennifer,Ruiz,"800 Stanley Plaza Suite 362, Mendezshire, AZ 83967",1972-08-27
Paul,Garcia,"545 Kerr Shore Apt. 138, West Angel, PW 66631",1953-12-20
Ashley,White,"143 Jenkins Lake Suite 325, Lake Amy, AL 15652",1995-05-13
Sarah,Wilson,"7101 Barnes Stream Apt. 555, Bradleyfort, MH 73296",1972-05-18
William,Morris,"098 Jenkins Expressway, Sarahchester, KS 40463",1944-03-21
Brian,Huerta,"3753 Tyler Walks, South Lindsey, PW 40179",1989-11-24
James,Mills,"13593 Glover Lights Suite 359, Kimberlyland, PA 76125",1965-08-06
Jacob,Patton,"338 James Terrace, Port Michaela, MI 66481",1988-01-09
Charles,Green,"46787 Wilson Mission Suite 001, Wilsonburgh, AL 92472",1948-07-03
Anne,Nunez,"09621 Jordan Key Apt. 363, West Robertfurt, LA 96658",1969-10-19
Lynn,Lawson,"818 Cain Glen, West Kenneth, NY 08098",1983-07-29
Aaron,Richardson,"28454 Strickland Route Suite 896, West Joseph, GU 69104",1965-03-29
Carlos,Henry,"60215 Brenda Plaza Apt. 500, New Geraldstad, AR 40187",1983-06-24
Alex,Valdez,"8324 Courtney Drive, Lesterland, ID 70596",2003-03-25
Katie,Robertson,"89034 Gillespie Parkway Apt. 724, Lake Craigchester, ME 22602",1979-12-16
Curtis,Long,"013 Eric Rapids Suite 770, New Sheila, NE 49206",1941-11-17
Diana,White,"1923 Bobby Junctions, Morganberg, CA 92114",1949-09-22
Daisy,Brown,"56721 Johnson Summit Suite 817, Leonardside, HI 45383",1955-05-15
Zachary,Medina,"12575 Graves Meadow Apt. 605, Harmonport, AZ 36108",1976-06-29
John,Summers,"885 Vance Street Apt. 774, Lake Andre, UT 59673",1949-11-01
Christine,Gutierrez,"406 Franklin Lights Suite 228, Hayesfurt, GU 98717",1963-03-10
Jennifer,Ross,"36641 Ryan Row Apt. 411, West Laura, DE 31520",2004-02-17
James,Chapman,"297 Mathis Court Apt. 854, Cobbborough, OR 29986",1963-12-27
Brian,Miller,"0735 Melissa Mall, East Jenniferville, PA 18339",1939-08-08
Rachael,Mitchell,"04668 Michael Point, New Erin, AZ 02293",1976-05-22
John,Davis,"9785 Sara View Apt. 451, East Todd, SC 94225",1960-03-03
Justin,Parker,"908 Courtney Mill Suite 445, South Lisafort, TX 78595",1939-11-28
William,Wilkins,"67699 Ayala Passage Apt. 773, Gloriamouth, AS 16542",1985-03-03
Jenny,Williams,"PSC 9810, Box 8109, APO AE 39984",1987-08-12
Patrick,Campbell,"69931 Jeremy Parkway Apt. 622, Pittmanmouth, IN 05472",2001-06-25
Raymond,Dixon,"25869 Patrick Trail Suite 123, Daviston, NE 36099",1970-03-16
Anthony,Adams,"1631 Thompson Bridge, Mcknightside, WY 31770",1955-06-02
Adam,Wolf,"0215 Lawson Lights Suite 638, Kennethmouth, DC 64429",1943-02-27
Olivia,Barber,"5604 Tyler Vista Suite 169, Smithfurt, IL 12890",1970-07-25
Samantha,Jennings,"65442 Christina Estates Suite 119, Jacksonville, NV 23252",1973-11-09
Anthony,Crawford,"300 Nicole Burgs Apt. 651, Debraport, NC 94411",1992-09-08
Christopher,Austin,"101 Yolanda Islands, North Christina, NH 70631",1991-01-21
Kenneth,Rivera,"8558 Alvarez Corner, Scottport, NM 67851",1995-08-09
Rebekah,Hopkins,"817 Justin Prairie Apt. 364, Nicolechester, SC 06796",2000-12-15
Brian,Bradford,"32833 Kathryn Ford, East Loganchester, IA 10683",1953-05-03
Rebecca,Copeland,"196 Davis Stravenue, West Christopher, IL 46754",1964-02-23
Anthony,Harris,"482 Linda Port Suite 787, Langstad, DC 72227",1964-05-18
Karen,Roberts,"819 Jones Plain, Karenport, RI 69910",1985-05-15
Danielle,Kirby,"49842 Courtney Mountains, Natashahaven, SD 58953",1950-04-16
Timothy,Green,"53716 Wood Coves, West Judy, NY 22634",1944-01-05
Karen,Ross,"26778 Johnson Village, Myerstown, FL 03425",1936-07-14
Jessica,Smith,"PSC 3017, Box 6496, APO AP 36716",1999-03-29
Sandra,Casey,"72598 Mary Park Apt. 390, Connieview, CA 58621",1977-08-01
Dana,Booker,"08117 Phillip Road Suite 472, Wrightport, DE 49679",1996-03-20
Micheal,Cordova,"40514 Christopher Corners Apt. 560, New Stephenton, WI 95540",1956-06-25
Jennifer,Leonard,"90869 Kristina Keys, North Williamstad, CA 69278",2003-02-17
Susan,Perez,"128 Omar Square Apt. 322, Port Brett, ID 24360",1939-03-08
Chelsea,Sandoval,"Unit 0506 Box 0238, DPO AE 78960",1943-08-31
Luis,Peterson,"85005 Ellis Stream Suite 180, West James, MP 54992",1991-06-03
Jason,Oconnor,"13632 Stephenson Camp Suite 677, Gonzalezburgh, MT 64405",1965-05-15
Kendra,Jones,"79996 Savannah Row, Lake Jasmine, WI 66062",1975-01-27
Luis,Moss,"15665 Yvonne Meadow Suite 785, Lake Cheryltown, WY 37230",1968-03-11
Timothy,Fowler,"3376 Gross Rest Suite 690, Andreaview, AR 68820",1963-06-14
Mitchell,Santana,"69324 Petersen Streets, East Rebeccamouth, TX 76250",1948-07-05
Jessica,Miller,"599 Richard Inlet, New Andreaview, RI 42666",1959-04-23
Lynn,Taylor,"450 Heather Alley, Deborahbury, VI 06962",1977-11-18
Donna,Harris,"907 Williams Track Apt. 700, Jamesside, MA 40363",1962-06-23
Christopher,Dorsey,"417 Linda Plaza Apt. 517, East Kennethfort, UT 16137",1952-07-22
Denise,Hall,"5440 Ryan Loop, Hallville, NE 12113",1944-07-29
Nancy,Lamb,"46549 Charles Estate Suite 555, East David, NJ 59402",1955-02-28
Alyssa,Mendoza,"4226 Sanchez Fords, Juliehaven, MT 82953",1937-08-11
Michael,Moss,"19298 Fernandez Place, Timothyland, MN 60768",1951-08-22
Jonathan,Montgomery,"016 Mitchell Alley, Jordanland, KY 45809",1961-07-31
Sandra,Jensen,"37984 Stephanie Union Apt. 896, Gomezland, MS 17950",1978-11-25
Connie,Todd,"3715 Brandon Mountain Suite 384, Livingstonland, MO 57644",1944-02-02
William,Vance,"2182 Howell Parkways, South Duane, MI 65786",1934-09-18
Jill,Flowers,"13163 Wolf Crossroad, Port Destinytown, CT 78035",1965-12-30
Diane,Taylor,"1796 Stephen Route Suite 350, Martinezstad, GU 32253",2005-12-12
Kristen,Curry,"385 Watkins Plaza Suite 855, West Toddland, KS 09190",1982-12-16
Lisa,Adams,"902 Kelly Bridge, East Patrickshire, GU 87679",1986-09-02
William,Lopez,"70934 Perkins Station Suite 108, Thompsonburgh, VT 00504",1965-03-12
Jennifer,Erickson,"0305 Carr Forges Apt. 345, Lopezside, GA 39460",1986-04-04
Joseph,Reid,"USNV Coleman, FPO AE 41678",1993-10-18
Robert,Reynolds,"073 Lisa Shore Apt. 906, Lisaport, PW 37816",1948-05-29
Kelly,Arias,"846 Dana Court, East Tara, MD 80574",2004-09-07
Brady,Long,"6504 Amy Circle Suite 407, Port Kelsey, WA 18930",1974-11-02
David,Adams,"31812 Carter Wells, Willisside, AK 27843",1978-04-22
Lisa,Harris,"9599 Norris Islands, North Amandaside, PA 89024",1954-05-31
Susan,Smith,"46948 John Squares, Hallport, NM 40233",1948-08-03
William,Ferrell,"2682 Hubbard Road Suite 244, Brianton, WY 66313",1962-04-18
Ann,Watson,"11886 Velasquez Squares Suite 871, North Ryan, PW 12591",2005-03-13
John,Singh,"842 Lindsay Brooks Suite 087, East Bruce, SC 43384",1952-02-06
Olivia,Gonzales,"60033 Fox Point Suite 456, New Susan, NH 98249",1958-03-06
Jose,Frederick,"62332 Jessica Rest Apt. 485, Lake Jonathan, FL 57893",1976-05-30
Kevin,Cooper,"09869 Ryan Court Apt. 868, Thompsonstad, WA 86931",1997-05-18
Tasha,Smith,"4708 Mark Lodge Suite 137, South Angela, ND 92896",1957-09-26
William,Anderson,"86130 Rodriguez Vista, South Joseph, NV 65504",1990-12-21
Brianna,Lloyd,"2337 Carol Pines Apt. 099, Sarahshire, VI 81160",1971-03-01
Angela,Griffith,"PSC 8007, Box 7742, APO AP 53846",1976-02-19
George,Carr,"536 Orozco Parkway, Emilytown, GU 23572",1972-05-06
Gabriel,Stewart,"749 Wayne Trail Apt. 670, West Richard, KY 37382",2004-12-24
Lori,Gallagher,"2474 Tyler Lodge Suite 864, Devinmouth, KS 02566",1999-03-29
Joshua,Gross,"108 Rivera Springs Suite 817, East Margarettown, MS 19247",1936-08-22
Daniel,Hernandez,"99345 David Union, New Brent, NY 12708",1990-06-06
William,Morgan,"6864 Davis Shore, North Timothyborough, NH 07708",1983-07-21
Barbara,Grant,"82296 Kelsey Trail, Patriciaberg, WA 21603",1995-05-09
Joseph,Perez,"813 Holmes Neck Apt. 258, Matthewmouth, PW 58070",1963-11-30
Anthony,Walter,"77384 Johnston Mountains, Penningtonville, MO 55011",1995-04-03
Gina,Hansen,"50387 Christina Plains, Garciahaven, CO 57394",1958-08-13
John,Obrien,"384 Eric Ridge, South Nicole, NE 66388",2001-09-13
William,Baird,"5378 Albert Underpass Suite 634, Kelleyport, NJ 68277",1964-03-09
Morgan,James,"0538 Patel Extension, South Sharonland, MO 38878",1951-06-05
James,Byrd,"4659 Suzanne Fords Suite 931, West Ross, OK 77960",1969-03-30
Maria,White,"2126 Charles Haven, Amandaburgh, NM 44155",1990-09-20
Michael,Ortega,"425 Stacey Trail Apt. 011, New Elizabeth, KS 24412",1937-04-08
Craig,Robertson,"01239 Tina Via, Mercadoton, NH 06192",2001-11-29
Margaret,Fisher,"69141 Jeffrey Lock Apt. 649, Michaelstad, MN 11063",1940-12-28
Madison,Lewis,"33389 Nelson Glens, East Josephmouth, NY 53942",2001-11-09
Nathan,Hamilton,"7847 Kelly Passage Suite 431, Maldonadoville, MN 55690",2000-02-21
Eric,Fry,"578 Stewart Stravenue, Carrfurt, MP 34933",1986-12-25
Jodi,White,"88815 Kemp Vista Apt. 107, North Natalieview, NE 51722",1948-04-13
Jamie,Bates,"7858 Cunningham Plains Apt. 764, Shawhaven, OR 75883",1973-06-06
Thomas,Santiago,"56105 Jeffrey Forge Suite 312, West Elizabethborough, AS 90898",1990-08-27
Matthew,Rivera,"22282 Mary Rue Suite 354, Lorimouth, OK 01542",1980-11-27
Connor,Campos,"PSC 1959, Box 0013, APO AP 80539",1946-03-13
Courtney,Spencer,"42201 Rosario Rue, Simonbury, NV 58673",1973-02-20
Luke,Garcia,"5191 Christopher Rapid, North Karamouth, PW 66419",1976-04-03
Monica,Taylor,"51960 James Radial, North Emma, SD 41578",2000-06-22
Daniel,Anderson,"83129 Keller Circle Suite 121, North Erikberg, AZ 19524",1963-11-01
Malik,Jackson,"70398 Jamie Causeway Suite 461, West Katiemouth, OH 57027",1999-05-10
Albert,Brown,"5861 Bowen Alley Apt. 588, Lake Elizabeth, KY 13983",1971-07-04
Earl,Stokes,"87412 Lisa Dam Suite 905, West Audrey, HI 67704",1980-08-10
Tristan,Summers,"2322 Hahn Trail, South Debra, VA 81811",1954-10-12
James,Spencer,"9636 Brian Creek, Jeremytown, MT 86644",1992-03-21
Adam,Smith,"Unit 8624 Box 4652, DPO AE 63144",1986-08-02
